{"version":20,"hash":{"type":"Buffer","data":"DFtKi79cXj1qyjdEBFHnoAK6XTs2WOe9c4ayEgC7PisvUabafZIVea1Nz70d5UaXEPyPLLR+7VJsHWCghmqSI3c0LLObbry6Wxz+jFapNaTHahQwImLuT9SNI5+7Srnb0h0F44BWJAkM/DcALNEPZ3Vfxm3xxkPpOEf4EDUF4eI="},"indexValueMap":{"IioCKFYadCbsyWn7JhRKgTmKw5kwp5kFUEsaeEE1qJY=":{"valueMac":{"type":"Buffer","data":"L5vyikb4pa11cvpnCF17f5GBwFaXOs2/1OVS7D9+g5k="}},"Qe636wqqRlGzx+Y5Kt3fxsO1b1k98tptoe/svvqdsJA=":{"valueMac":{"type":"Buffer","data":"eGTuzGcQEtbLPE73MRQg708/Czgv7cx80ksLAFGAgts="}},"QoGgiJALI0hNyBYyX2nzptMDtvoV7QUWJme02rBiDQI=":{"valueMac":{"type":"Buffer","data":"l18e02L33cjVp+EIQC9Emqr1rko1F1GuNV8Zs9wApj4="}},"ZQv6h34d7rZw4wsb51q40rb61umypf1S+CUMMOQyNkE=":{"valueMac":{"type":"Buffer","data":"pyZnbFK28aCQ4fzFFQmxQ4NVIN6TD1qrG7YluUwcf8U="}},"kxiTsRtZ9epRcOM6PWuQpk6UFMKNI3XVNMv5hHh88Rg=":{"valueMac":{"type":"Buffer","data":"MQX28hor3hkMD4E+yoFoIHgGJheX54ovhvUZgxijbrg="}},"vmmr8/PHCMd6Prg5iOXU8TGBYARtTOspmAJYS6M6aBo=":{"valueMac":{"type":"Buffer","data":"VPYN1d5TFiH7H4YGnf1lRyfC7B15D6uJQSUDw4n4YvU="}},"v+2UpOGCkl2enE22KkOW9Lctm+vyewUkmI+2vbFT8Kk=":{"valueMac":{"type":"Buffer","data":"AErAXSUpfafG2RQahwgDAHAtpFq7dFQqh4F4b/X6tCw="}},"6eU0wfyTanNcDkg55rCLrx9qu//Qbeq2snGEHd81wpc=":{"valueMac":{"type":"Buffer","data":"VGlP1AzydqPseDr2cakKsgypeFLmHNn7VAnpqYLyBPs="}},"boLx4nx0p3X0IuBDuEnaVUj2GRbaEp1oRWQyg6ySf6U=":{"valueMac":{"type":"Buffer","data":"I7C8r8i4ycJ3blyLmbvoozG7rsJwG0gGPyVNPwlONiI="}},"PGSIJCv3jC4WozCKP1/imGCwCfhevy19aw/TREoEXiU=":{"valueMac":{"type":"Buffer","data":"3Tir39vMS6Q/VBZikxnQjGFvoGWd5tmvxSJJOeF+wg8="}},"D4EopxaDaNSYWEdp8EhXlwkRro5A8SQhFC9XgSRBV9U=":{"valueMac":{"type":"Buffer","data":"Mp/ol0SeVbthsjZJoiYAYYZ/iCRtiEBcUoV8FDmhfYs="}},"yZgPMNnvYkg0ccr1DBwTEknNTHatYwj0GNHT9mhq53A=":{"valueMac":{"type":"Buffer","data":"ljR4AmUv5S0rTSnTm1kwnWlrBCBihXcXsEl3Ij+GTUg="}}}}