{"version":4,"hash":{"type":"Buffer","data":"jdi+ZTIx1AEaHMlis65ebbNsJ8zFAWanLPbIGMy/UtSe9pHpDWP73PpWu3AGAdT4xxkFIfsor3DSIyG2RKAhQ40eWvml2b4K5iCgZpGGRHCB3r/26ROZxm/wP5dbFE4K8NBE3pfiP0JhAljaQEUUs9Jw4zK8/8Z5DBoC8BDwuXI="},"indexValueMap":{"Wp/b6Czqy1XKw72GWHE+CZa3cbxe95yVxGJ3jWAuY/k=":{"valueMac":{"type":"Buffer","data":"beIG7QrQOcupqN8LCN6JeT5ahjFX1NkECe1o32Pae2Q="}},"06RxwA5TuLSUpY9X3nM5ibxdcEJBBgueNEfWV+XgXws=":{"valueMac":{"type":"Buffer","data":"gU2cw3YahWykWaD8KlCofVJ3VRzOBmYSAEFZDgNadzY="}},"6hiTLU3d933t2rcqGe1MqX99YVGVVSP/ZOyUcggwhI8=":{"valueMac":{"type":"Buffer","data":"BL1zcDKY49RQRBxhgfaVbvCG0l5yho2DVlB8Cb+3694="}}}}