{"version":56,"hash":{"type":"Buffer","data":"ymfpbg741CfjcE19fotlBfAJJm+/EZAGpTGmION187ybyfT5lHk0bP+D1E3fUyMK6IFpg6ngZbsvo+Zh2ZMB4DK/c2c9nQw7YhYuT4/f1YHJE4wactcSnhC+7CNBLxcOZOZq5XAKyb7wHg4qhDlglVR+suIu8VsoZ5sv9MNhuUA="},"indexValueMap":{"AGX8lTxShRx9m6f0oynRq9Lmv1HYDSxYwMuvh8Q2v0A=":{"valueMac":{"type":"Buffer","data":"k864bxfdCM+LOVK3AwfUniujh0kyiiZnG3gAGT35Jgw="}},"AM2B75iPX0QHxtIZg8mBWxkK9M8pGUwqO++hr7++Y2Q=":{"valueMac":{"type":"Buffer","data":"Nz8/3gSQ0ke8NoKGsIlSJcl8aZerEsf+VRAe/0muhOQ="}},"ARAISY+zktyjc0IDmi9kJ6R6TN+x9VbMZIwCbBkE5sg=":{"valueMac":{"type":"Buffer","data":"XdD4glgG69nZcR4CkTmmOUlE/23WO3x6E9Py9CoazKA="}},"AVfE9DsfEtxX5pV8rpcmfnXLhJEEO7z9kPo1FkeFvIA=":{"valueMac":{"type":"Buffer","data":"uqzr82pYv5ZYfgZtqnJbQTFZLZ2Zearrc9aUJ9PzksM="}},"AXiP3Y3QjlRSme06l+a1OzHcaKMojXakGlyIPn2hAZE=":{"valueMac":{"type":"Buffer","data":"deobt1r9jCjOEGSTydK/PBkP/8iz+F1qtNWtsx44Jqo="}},"AbXUQcNdbwe/qTgfJK4SDJVZvGSF6DrMKE3hi5VpogA=":{"valueMac":{"type":"Buffer","data":"pGPCaJnR1OTE0a0sLqTpiJQESKq5GOnlKoa47sog9ao="}},"AbYtBE9MgK5PtzKpFBXt/eVu8hNVE2szoEVnOcIdL6M=":{"valueMac":{"type":"Buffer","data":"zHTxlw+7FL3OImWzdsTHc+VJFIvY4pciKpCmwB+KpS4="}},"AcnqGZFNzjG88eTJDpswCDwuGZvqIAdms+CT5YvJZH0=":{"valueMac":{"type":"Buffer","data":"pbMZ7kycBIJ0IisdnxVpH91nyyWbQS92K2h/Ek5527E="}},"AlA2+5KI2a55tsBzDNYyMgokbP4Kx44awgyd/1BbIeo=":{"valueMac":{"type":"Buffer","data":"u783G/ybIshDGobRnT1gk7IfgaPreJYzQWdrQknto74="}},"AwHOL8N/8Vw70KXCl9S6eX/2aKx4OGgbr3NtveEc3hs=":{"valueMac":{"type":"Buffer","data":"v8ht2HIs58aM+ZvIF4U7qYD1emEdjGSTOj9PLg7w+90="}},"AybHR25EO7vEPZCVLO3PGw1wX6KiZGWbzauXVztrMbE=":{"valueMac":{"type":"Buffer","data":"OpG9kDfMAHAQhBYiAPu1/zEzAyvvnD8fvu6LpqWAP14="}},"A/G10N7JOaLmR1VDINfSV1IQKQx1Zc+xeOgDWtexT1c=":{"valueMac":{"type":"Buffer","data":"a75RdZXU9QwMEtvrdm9WrWqJps5jgLlCr7Wqi3+knno="}},"BC5rde9Pa1fZnNBSNyrmL8J0xqq+pM4ZqYYmOeAETMg=":{"valueMac":{"type":"Buffer","data":"Ce9/p4tPY8qH0tL2yHgbi8bstNYJQYLMHW83lL4iOSU="}},"BItqljvmnix/vcvYLzmcWXST8xsIGEnu0fSk19Pcp/I=":{"valueMac":{"type":"Buffer","data":"wOMxW2p1mjNdMXPMNQU2sBHK+NQwugDrH/UejFqQW7M="}},"BPOf3c+Lbbdq5rxGj1+uINZNVKJG3xqzpvO7fh51+ow=":{"valueMac":{"type":"Buffer","data":"LwSlG3uBZb7NZ3Tu7tngluyHjW3rlgEOtIme9qS5/EY="}},"BUIGdHsvyC3nj8osGGwl5TS/ALGGA+91rXzjcmOCiU4=":{"valueMac":{"type":"Buffer","data":"YzJUAULMeFFLZ7X1v0L26h+AdFemoIf26LCHCq9OUw8="}},"Bh5hrSp9F66Xn+ED4WKXVtJv0/1b18bO7NjEXajp7og=":{"valueMac":{"type":"Buffer","data":"MrLOxZO+PUGl7wQSuzeQf/RlcOqNTqVKJf6nU+SehgA="}},"Blg50MjuGhdGdL4P1rR7tBJzK597ZIiCtu27szXwMJM=":{"valueMac":{"type":"Buffer","data":"MPcvKi1d2Dz6WxOmVqKSHhQ3GKdTchEtnVpG+70/u4A="}},"Bmy/s7polbEP5rhcnxy5IjTsHv4RXtMr20kieGBptqk=":{"valueMac":{"type":"Buffer","data":"pHVTxVw3aC5qHNwCV5ADmX1h4q/le+/WWffehNAdr8Y="}},"BpbOHrg7JfQT0Zwn4CIw5xI9DQtJjKEZ8JdENcmsHqk=":{"valueMac":{"type":"Buffer","data":"0KFZJ5z1kGR4ssiRTho6s8WtnisrwxTTM6iQFm8keR8="}},"Bxn4XF4/6YkwOnhSPJQTB5RQ5ZbBYMuyao4x5hH25eI=":{"valueMac":{"type":"Buffer","data":"7XHqfl35ju8VkdoDa55WdO5eXfPOHKkiyWDSMRNDuEM="}},"CRpIJ07INpZ2w8O9gtIQTOLImCdgvm2OKZxyaXaGk68=":{"valueMac":{"type":"Buffer","data":"Iycv7xbGoMXww5ep11A47NekXXNKlbuQLvvYbXXth9o="}},"CfKbhVJ4uSHVS20T9unia75NLGAElThl9EGbcexwsQ8=":{"valueMac":{"type":"Buffer","data":"BPxmAmcG+EN9z0rsoAlm6/jVfKz8vdYxGxfjwH2oi6c="}},"CnLhum88ZoCTcpwZ9TVOUpmQQHni3zoEfm6Y0b0QAws=":{"valueMac":{"type":"Buffer","data":"EL+OvvJd0udx/cWj1XfS+wWQYxoRNmzkjroMgdLeUNA="}},"CqZ6+YiZEYvQ00n2FsOAubFBWxwtQJyHS7u5/RW0m2o=":{"valueMac":{"type":"Buffer","data":"Mbt11+8LoDCQYfw+ZDxrdmOMMLTnxK7zGOF7x6h/r9c="}},"Cyp0tiucSOTK9G64B3gnoZSGuFXYFeCaCARrb+/Qd1U=":{"valueMac":{"type":"Buffer","data":"6npUZMH7iy3uf4zpOAZPh/Ya08zXUQQc6wBvNc7BAz8="}},"C9Kduu7ULol4VCkW0QmijhsKpS5SGt0i1wjGsVnHDxU=":{"valueMac":{"type":"Buffer","data":"qOImWLIPrzefiyfu3Q6rEblhPR2wTCncNYXV+LpkprE="}},"DQOoqblMREuhIbSfygu/d3ZfqgBS/KVuBND1/unm430=":{"valueMac":{"type":"Buffer","data":"wOpGB96iQwKBPxDpWRaA3Lf+Tyl8FDZnNPq/cS7LWg0="}},"DZ5NxPHXBM5XpTQgamjUBMFUJIGh67l2W2aP3zApCqs=":{"valueMac":{"type":"Buffer","data":"POKIRg8OFGiwzPPgyr4FpSiaxS13buGiVb3cnOsri+U="}},"DbJIfN4gDgXFKEE78trtEFoRhjEOrIVuvGJY20IF0Ic=":{"valueMac":{"type":"Buffer","data":"FqDirxAAVVclq6J5tz1PYjDXgNUfNBJONqg70yHk4xY="}},"Dfe4QoZaV02XiBseEAWvR7CRFFq9036UTN2+t9j1bks=":{"valueMac":{"type":"Buffer","data":"+nZz1fxUKizmyVpyuQ5W9oz05QkcPGubaQ5/lSAvnEM="}},"DhW+BPRp7+ZiZLIS/s1wqsMGgyotUSnU7E2zj+o7s9k=":{"valueMac":{"type":"Buffer","data":"wkFwsw/sqGYYC6fFpSyskiGf3wi73F6QCrs/IZp/2OM="}},"DlhvlH3w7aYRyTvw4EWAuw/aTkA+Lz5vtPwvsrdYsWc=":{"valueMac":{"type":"Buffer","data":"RB8TGFSWGGbCLTU4BkLmIrl/XSbBuT9AifCXapVPUC4="}},"Dnz5LOylbqRHdFG6wGdshQmNMQOVbs/J5nbaH2uFy8s=":{"valueMac":{"type":"Buffer","data":"eldE8KBS/XuzVmw14HGpIN18/OavehztyULWkFOmQbo="}},"DqGuDdVcnQG6lpa08vedR1G3q753nP/griRr+OryRGk=":{"valueMac":{"type":"Buffer","data":"JQb7cDTBG373yomq2PlDEsLp/c0Gla4zLrfemFzwqcc="}},"EJlxsU8ysGAip0LnSJBQ6+wz3vmLxHvqwGhlGuLIqFE=":{"valueMac":{"type":"Buffer","data":"T9chbl2cKiAucyKigsndExxCnOWhJ9kOCLhkHLAfldM="}},"EXskr7li4AdxUmONOfeb6YGFne1n4UjsfEevtGuEJEs=":{"valueMac":{"type":"Buffer","data":"YBwM1meO1tu3enjoMvsGvLr7wK2As/GkrPPAD70bpxs="}},"Efw8X2AdlQGtInLlNyvAQlWDatN56uAVorQ5UmS4kmw=":{"valueMac":{"type":"Buffer","data":"faV45b7dfiTI3G7MYNcUY98JcSBBa7SGERQzwcoxCLA="}},"EvoAoYqzcN0UxF6ukXmFVCpF0vE+ReGuL4NVd9atRsk=":{"valueMac":{"type":"Buffer","data":"B/sGsNZww2Tw6srPTxq67vFGaDMF34Wu4zWzpuLEtV0="}},"Ewg5ZjC8pEjG50iQnrmcXXyYxtuLMESPDTcT03Tdp8Y=":{"valueMac":{"type":"Buffer","data":"lSgzvo7x6XiLg2ZSRFnhHXkOLVIey7HeuYdf+s4K4mM="}},"E5vCNCwuC18QgvEbyu/AtzGsweNFu4BD80nyaIdNY/k=":{"valueMac":{"type":"Buffer","data":"jnvaF45gyWLJCiLvgOUwa+uaNBBqZC+Jws+Hkf3uunQ="}},"E8cenKJULecpaeMnyjhF+uZzN8SuOWvumUF2t3ayxGQ=":{"valueMac":{"type":"Buffer","data":"7Cixt9OHz0I6VNPJEtbzBZQOMpLoITx3lNHAoGDkFuc="}},"FHcF9zmoAVu9aifyz9rNmKMOz/KjLRxATLW9h/Mf02Y=":{"valueMac":{"type":"Buffer","data":"ZgUSZeYy4+oDbdM8XFPMnecQfkpKdtih6KqGjiPmdmg="}},"FKFlLQ3ZrMaGYqYom6EtjVTxWXwY6Oa1iVjkTopD+1c=":{"valueMac":{"type":"Buffer","data":"PhIb9cGgzojAq4i+wm4UQzYTYHkLZ2K782hiNIFDMDQ="}},"FPmttF5dihTdJoDbUapB5exOnodozmuFuoMYDoLeDg8=":{"valueMac":{"type":"Buffer","data":"yPGBFXQNwsm3NIX6ZD2OuURADWDHzgdca5Gs9CFVoEY="}},"FakLYXoaENHH1FG80Ya2QCD4UZqAVIvr0HKeDepNvlY=":{"valueMac":{"type":"Buffer","data":"fgVyUjY6N9cIu7dEDfROvYOo89R7YXdRfeN4yyhquC4="}},"FtQcievc8dXTnEWDFxOw29p04ADEo4cYWLEoRFITpjU=":{"valueMac":{"type":"Buffer","data":"2TzUU4Jd0wZobWa54FjHizrrgJT6rbA9CG6vI0sYJzs="}},"FuMRlwbGJhXzrmQqEUkN9zevBsORm/TXe9Lhw11+joU=":{"valueMac":{"type":"Buffer","data":"7Eu4Igr6ywRaNyV8vZvxPv+McvN1vMLWcOAKM4kIBIY="}},"F7OfW+xB9UjHHKudsdPipf3I04ufvRjSJN7EE0U913A=":{"valueMac":{"type":"Buffer","data":"7GC7pSwqxIg93SwY2iFbx8Akw90xsqw5g61Te/Y/o+Y="}},"GBT57SyWv2fuixrITREfLngp8zS9KqqwzZTpc5y7hc0=":{"valueMac":{"type":"Buffer","data":"o/EyGUOCfhCUtOjP0fFAtGHoTJCquK6rARXBVNoHP0U="}},"GBk50HBp2SA73xp8XYce6zoWmzJ83Iq+8QuZ2XWbdoc=":{"valueMac":{"type":"Buffer","data":"ctObHFNmN/c6mz7ZLq3blw77r4Qs156jmbnvGZm4H1s="}},"GBu1ZEcDRiR8RCg/02VL74umQXaXbBr01ehRraxoSR0=":{"valueMac":{"type":"Buffer","data":"UnxJgBKLMJB0PEIDyG6dJ4gVGN2khq2pAjsyjpe41nI="}},"GDOc4E+xcPT4W4T8TUtYo3gSXR+Znk8e+qVdK2GNglc=":{"valueMac":{"type":"Buffer","data":"d6HU4B0rEjVjWouOp0OmB7yFGMrd8fLr0LPhQSj5FMk="}},"GDggQQBCz41KRXoMepTIy/ZHkjPB9TbHL3lE2RklbDo=":{"valueMac":{"type":"Buffer","data":"+4yEc8BPaLRZ0oDJkqOJ+FTxKobyn1OwN8sHyQQJwlU="}},"GJjiHi8ooMamY/i2YP0KSPN8MQR3OGMcJhgsP8q0dFU=":{"valueMac":{"type":"Buffer","data":"AXk8/d4b+dOLYG8Cm8HO+mBydcho5Mw19WGiaTJ9EsE="}},"GLcmftShQIbR9KXB2/9SPomX3vbM+Hng6XI08WpGufE=":{"valueMac":{"type":"Buffer","data":"eoVHh9sBoP7vIxdDpgrFj3OdYZHmym9XWH+S+tBIDCY="}},"GcE3ONw0hDNmS4ji77jqAi2/SWrzqi1WAmKXjAN/5dI=":{"valueMac":{"type":"Buffer","data":"p26U71FQ+faqGy0MWqurFy/zdvyTxjhQmck+uthmbWk="}},"Gdi9serOyCqRQm907eZDpyPTY6s8R7h2yfY+g0bUVQI=":{"valueMac":{"type":"Buffer","data":"TB7sXb4kEXO3mRMf3EP3py4WSAXS8CxWuOSkrwnPK9E="}},"GrK9gY6pBloRIFaL7Qe1a5beLpz6CkX8EoHa3+Rv+xY=":{"valueMac":{"type":"Buffer","data":"F7TdIHq4Wwbry98rckZ78Bj5lble9smkX6Xy6PvIZ7Q="}},"Gyr1MeuwPFLaALstz3KiE1bYG2KCIqnpPUPh1vPKdpk=":{"valueMac":{"type":"Buffer","data":"zi1/eVIzjSj9h8VvBdQfwtSjfbhJj5GWgi9s0YxuBqw="}},"HMtFc/Mx+odl5phGgHp/csYwUxQnqoJwZi8S4KNJ+hE=":{"valueMac":{"type":"Buffer","data":"dwL4YC7fC9pfa5c6YHWFbLIbELS8X/rMuVaILXPnclM="}},"HOUjsDI9VMhuRpFgeppDNN7f8U3mV1aZERh8hHZ0MIA=":{"valueMac":{"type":"Buffer","data":"17zGS9Ib1L/iavL3bv6yxdrUA74f4u5ffDFXulyaadg="}},"Hj3DK3Mk36TEss4iAqOZhPTjo2w5nGOalReQMds3TX0=":{"valueMac":{"type":"Buffer","data":"fM1AbnwwlJr8Mcz46DvUihL1nEOehTOv46Av6Xr7MSU="}},"HlE/JKEv6rkgG3if3FOhKqWz/2UypGBNAMI4XmBcqNw=":{"valueMac":{"type":"Buffer","data":"T+w9FEMDLgM6s2gmpLDABI36K90E/jPW58+a62fE6YY="}},"HmJN3MPclXtYC57ZTiYZ8G3Yf8euZS4GSI6eFm6AiZw=":{"valueMac":{"type":"Buffer","data":"TH20xzby0WccCluKanU41b7IdrGyLzJlRV1RpLmThcg="}},"H6BxpfexgJvtVxc2oij3TdxCMkT1LsBujqZMU3Almuc=":{"valueMac":{"type":"Buffer","data":"7Xl9DibdjiC/exymIQbsoen51rK1g20HjaBp5xC3C28="}},"IKFQRRSSeSv/3CdDRm7GMzTUyGmAULmXOsS7RxqijmI=":{"valueMac":{"type":"Buffer","data":"ayYVNrGgQAV84PwZcPbptyq1roKI/GO4Aq3A7+7/9Ww="}},"ILbaamPxdgej7ov7TqAb+luap4n81RBcVJ5e3lchCrM=":{"valueMac":{"type":"Buffer","data":"v0/1Upfw7XGIP0xs6Z/gaNHXydtWQFN4NCMVu49kppc="}},"IUGuoC6s6gsq8DkyQmhs9toNpEv5oC5ppNOZcn/OeLc=":{"valueMac":{"type":"Buffer","data":"UnaFjjawcLmPXhVnXnqIMHgNl4yaq/4EI+1YaTwJVBc="}},"IXAxIs1tVYOqrk17IVERyplQLeF+A0leSfP1bvXcdy4=":{"valueMac":{"type":"Buffer","data":"hxx289F3Ih0t7fg1BCUHwZNC2NJym4CAy0NJPDXbbkc="}},"IXPCk727tUKDPeZKcO+fbMX7zrHFrlwyNesmhgtIksU=":{"valueMac":{"type":"Buffer","data":"80oEHK6GJQighkdbI+NByvAFDnAn4hThkXqVYVMv3YM="}},"InXXOEkGtXwMsy5telhN5j2+q3xCsBTYvzMpshKxayI=":{"valueMac":{"type":"Buffer","data":"vK+Xz/NnEwB+yxueDdkRCQdTgzG+vdmmSrJMGqOHx5Y="}},"IyTh7Ok96qIEz7fH+I4VCYALzasIU7F2SA7vqqnoQ3U=":{"valueMac":{"type":"Buffer","data":"ClBDfC1uQEJRbCSPDPsmXshXYJcd2BFoh0eBlOaDMJY="}},"IzDxvRK1pbot/jOThqhYfdC1ZfsuLfu0JeXTIzYnsaM=":{"valueMac":{"type":"Buffer","data":"iQ0NywDFEaZn+ys6qC25cXH4HfctOYl0qZw7e88+H6M="}},"I17ruuvz42W7s2IWbkNig2+hxEhzx1LzVmX6aaMAe88=":{"valueMac":{"type":"Buffer","data":"rd4ho3Gpt9ANVKB+v/SsDrJ4XoOQzxUdeQsVRBpFGd8="}},"I7TvogZHzY8KwmV52NT04sAhi+/AHCsJkr1FGc2Q7O0=":{"valueMac":{"type":"Buffer","data":"C0tWRY9WFEoXZNQtcgKH3Cw6kg/4V1uGdqVik4w3a5w="}},"I9e/em1Zg/zojxCGjWoQe03uEg84zK0BcSmUQH0FF7U=":{"valueMac":{"type":"Buffer","data":"/CMnGKHw763AtGpUuoHJgP5/y2EkBLe+v31WXQW+QYI="}},"I/7S4eEgC00LNRCgTjtnSxp54SkWQvOwgm3pPlk+1Dg=":{"valueMac":{"type":"Buffer","data":"f16OcInWop1G2Sln8isW07AxdyAP5qkRklatU5//pFg="}},"JHi4F+14lkvCDpNDmeWvQe+a8UiR7nvXq9gKnsPrVyA=":{"valueMac":{"type":"Buffer","data":"NiZVrzRiMb1ediIwx4EnFNYcBdLPWLEhsh1Mzvrp9zI="}},"JJ3RFwCnuksElcj/KXKVhVT0/OuOGcbyIUlKqME++04=":{"valueMac":{"type":"Buffer","data":"wA0k8QMCDuFDT8lvIcbLKw5QQE/JnMCbhe5melZSu4A="}},"JVedwkDRTtu272e+W3VvShmBoDbEjqAWdQw64pGzENg=":{"valueMac":{"type":"Buffer","data":"Ze0fpt4JOjf5+RQbB0rQRxpkWXfOAJgp07lO1PtL66U="}},"JdFVigUaVBveBy0bTok/hDj/XhOrrWXXyACkDpv22Fo=":{"valueMac":{"type":"Buffer","data":"sQTjEVSJ/5ehf/B3d+WcqYjMJuP+tMinnugVu5+JF30="}},"Jgfn/EuW2oXxzfO26ETL7o9CVpoPfJtdukeGK24q4ts=":{"valueMac":{"type":"Buffer","data":"TOjxHUZKRvzfDZw2Kv1FPi1X0KAbQPHiMmmeoYSHDng="}},"JlHimAYPvFVjNJ2VmMwlXPgS3YAXkeRyCC3jhB3TAyI=":{"valueMac":{"type":"Buffer","data":"4mFaXsHkg0MhfYzTm1HaFsGoJC+SS2vJ1Y0Wv/R8V18="}},"Jn7dN11eiLhSzso+ypm90lM/QbWejHxhn/fhuJ5dLF0=":{"valueMac":{"type":"Buffer","data":"HHdjyx5n8mmB5exj+1gn8zVoQ70SdXUFhuq84LAaeFs="}},"JtC/EReCca2yds+GUEcmJVQvMBvCBXtvdeAA+/0Yaxo=":{"valueMac":{"type":"Buffer","data":"4TytKfA8EcfXxFe+dPSPPXJ98KEx78Yy33Hob15rPtM="}},"JyU0yijb+RZi0MP1AssRDw7A3sUykoeusI3xLqgy3sU=":{"valueMac":{"type":"Buffer","data":"qG0cNrxjr5aHfCgV3IeSMETaL52QarbBohOlCrTc8WQ="}},"J7Gh3Fsq7OT9FfePM0FRp2zXsKLoPLubCaSsyzv9oIw=":{"valueMac":{"type":"Buffer","data":"dNTyeE/sQ1C1lCJHCAJgVtjWiz1EjhFABt0dpd1vYcU="}},"KBTZ51m9fjIC/xJcRfK7lZRbyRYtCeThbyXt6CJtx5k=":{"valueMac":{"type":"Buffer","data":"eScyy87dyJzPTxVfkLM/sA/QUuNjg1UjF9jXk9sjhUo="}},"KCxgar9mZZmpl5cVK2QtwyHNjK4X15xP1u4h2ZfsPCs=":{"valueMac":{"type":"Buffer","data":"c6x6kXl6RAbIhMbZpZdNsAL+YdqPsW0dUlXqomXL04o="}},"KNiEycxhIJ0bAU0alAWWDUue9Zs4a/o+8Sv4K96OpZo=":{"valueMac":{"type":"Buffer","data":"9py56vx5YB1KtvpVsn1YaQTz1qNOVG0RVT7+qpE5tXU="}},"KRJglaYCPPxzvOC5pyrjSf7dDRYhmCzgP83BgrShsFE=":{"valueMac":{"type":"Buffer","data":"WZentrouollFShUBew/UBSm9c1ZXu2dsn571YkD3rXo="}},"KXXZI/KUvB0dWmDdEvuLSPu+QavkeWEpoEjFzYFUySA=":{"valueMac":{"type":"Buffer","data":"D6VyRsOiOpz85CYjwM0Gu6GpXeek5Z/Iu8hqGM5wY1Q="}},"KXtpiYclGvVHho5CVBl0AapZaJYfMxJE5F4b0QfqYSw=":{"valueMac":{"type":"Buffer","data":"tT7ia/i9+NfrugFMrQwEUumppUE6qS9rnkRfbFxS+ng="}},"KjSvHwxiwtN/BeGFaCywF/nT4yec/QFbAfMJc0VRfxY=":{"valueMac":{"type":"Buffer","data":"N5X/Z4fIFMgeX1I0R9N+5VHEgWzDQ5G7iSX6OdNmhz0="}},"Kj6MZRobjSJmj2o+LtkmRd0MrLqcoWuT8l4q9eGf0l8=":{"valueMac":{"type":"Buffer","data":"zlhazZFyQBWZ7tpUWAMy9iXljvRm8WLg/rKVWpxImis="}},"KkCpC5sUW+nVCGRmeZNixpDWzD4qGu0h+IXbN/wp/qU=":{"valueMac":{"type":"Buffer","data":"drwmdyhXH9pazaRevEqNb3Sf0jcnopfA34aRD7vpc4Q="}},"Ks0o3JuG/O+Fme4MMOtXQyTzCSUzT37MKU2I39w3k4c=":{"valueMac":{"type":"Buffer","data":"oDLNFOKL7Ny1B5HKYJD59c+qj5bNEj/Er29DiUVkECo="}},"KxucdZGLiAYjVxfsiHC3Km/MYf9pS+17E2jP/eSG8Ww=":{"valueMac":{"type":"Buffer","data":"pThm9A93o5EfiXD7Jrfa+zmaSn291ILErT3ELaO2CHs="}},"KzHz/0ke4Y03DHzM4NQMpO5o6pVWQZE2rrMZU7rDobw=":{"valueMac":{"type":"Buffer","data":"8AOAdA/5cTTMEwprGbBGWxbPPPVnRRNVA4xWqNXbd1Q="}},"LA7KM9JQuArp7nzoARfghTs6AmEqCk2jnydsFetNFyM=":{"valueMac":{"type":"Buffer","data":"5K6TSfb2+nB3ItcEyupo+DwkZgWFKm+vlVmGQIoW6Xw="}},"LJkei9+0WK0lHXx5M41VABfWlCu5lgJlCb+KM3Axh30=":{"valueMac":{"type":"Buffer","data":"H4gzVhc9Rxj5NNPgm9cOsleuiReme3zDm+RH9pvoHUs="}},"LMKKTS89AmXsdjtUvk1y57T4Krk9t7F/rslgIKTN19o=":{"valueMac":{"type":"Buffer","data":"ALuK2dk0kTPxkVTFn2D2jiNIQ1xV8QYarecLJ3E8gGQ="}},"LNhXOx1YUnS73dOgXl2ApG+WKrnoM4fNElVriYAKRQc=":{"valueMac":{"type":"Buffer","data":"BE1VAiwzKC6KQ39opB6NSP3mQTrIvlwwp/sV59aYd2k="}},"LVuw6Ef/efVvFbshn8bx+lhNV3Uyxf2X/g0nQ1NHgPQ=":{"valueMac":{"type":"Buffer","data":"Pfvx27Let+buRYak8dDGhpF153G90jyMmOEx/tJh9As="}},"LYK5MegeBrLOI2dzsjoS4G2dQ8CzqGw8/22udNeb0ow=":{"valueMac":{"type":"Buffer","data":"besa5nrBcRL+iiNCat0MUmiRB+PRZRo/Z7jtwtxKPNo="}},"Ld+Dfs8OL5xzlNJzUx+J6L0GdTTriCgQZb+8xxV9cd4=":{"valueMac":{"type":"Buffer","data":"YeY0zqyFmiPiHQsNci607Wfybw6Sb83QPdBusP5ZGOY="}},"Lk1muNJCG0vtqvP6X6okHoRcPxkYlHuBIneQ2PrkiFM=":{"valueMac":{"type":"Buffer","data":"gwTTpNxJHU3ftaVt7ezlvrr7fE2B/2Sqmzfy485GI5Q="}},"L3p1qQScSrNJ4ZO0ea6vTITNBXF0DV/upAWXoC2ymzw=":{"valueMac":{"type":"Buffer","data":"8uWX3QNJ6dJNiIp72zLv6Zce3zMIuDOr3ZX/htooIRA="}},"L6fK0/CQAgHZ8hxbP+6P55ymeaGrmDwtDZCIUVJPMqc=":{"valueMac":{"type":"Buffer","data":"6E5YjVw8dgIIH2JHQgrXVGcpb6Y9hLA5KWhoNHzN1vQ="}},"MBh40ABwF0L57mWNIslIQ0C/2wT9Z2Vbm1CsQPxW2Lk=":{"valueMac":{"type":"Buffer","data":"ESUmuqURUMo5OkToZLEpvh9bd+8fl+JGwTMGApYoasg="}},"MQJeJlr6isSTyfMdF/DA/XHWBDPfgNpUETWkKU672XY=":{"valueMac":{"type":"Buffer","data":"RRfv+vC2hqp3zC+9GfVsksT+MWe1I2LRuPg9lbaZIjk="}},"MkxiQM1L4+cLSg2Mrn2wCpeAp9MlZ0s3nKlBwPjBDsc=":{"valueMac":{"type":"Buffer","data":"E2n+KnCqxEiwG0TDwRveIKy+h2CNGHWFJ/BX87BwzCs="}},"MniAas3yid71fHMPW9fgPc/M5UKYydJrWH9HWgy3ycM=":{"valueMac":{"type":"Buffer","data":"2dbIxQTqxMMXMiIBezhUO5Bca/bHfbAFH3UK2zjFs48="}},"MpU6vQXHXlA/Nbm/b5isynQpA08+rhKNJf48IHnzFt0=":{"valueMac":{"type":"Buffer","data":"1kVPmxAyIFWZ8M70/ed9OxHEXd3mLQ3G9+09ZC6yuLs="}},"MxmlK6SN0MR9zO9Zluiq6BIXNXXZDrp41zIFYkNUQ10=":{"valueMac":{"type":"Buffer","data":"V4CsWXI/eZ9NRQ9xYePTh5pHPMFkD4FcUy0OElFhuzM="}},"NJrb8p5cvwR0IP7WuXTnlPApT130fy5exkA7l5dDdNg=":{"valueMac":{"type":"Buffer","data":"utt3/8EoS5JvgGMCfAT0eTfVTMic+Nebfnx2bYmefgY="}},"NK1BRKTlnxXJDmxVuxLpkrixjNSRifOau5wCysmkrWA=":{"valueMac":{"type":"Buffer","data":"mvoOQ6kJDXGCqI4+76/Ju2+QcrMF4JkuY24PtgjRELY="}},"NMQEb3e2ffFvTYOd66m7P1gnHxZ6AvUA9RPfRwOC0jo=":{"valueMac":{"type":"Buffer","data":"efJKA9Nise//4cM4ACjHp9rY0p5WC+cqrVWWvd2ZQi0="}},"NaJaWkI19KHBOyzS0/QG/i0kOZwUZ1iM8MVw1ncV6E4=":{"valueMac":{"type":"Buffer","data":"5L9LhcSiOjFCX4yR4FKZyvM6VjO3B8l2fSTgX6fqkps="}},"NakTSpk/A0d3sMCMh3T1owelHEEqbvNj6C9mI9crKuk=":{"valueMac":{"type":"Buffer","data":"X69KBUSmTqAsBni2KrssgQXPMQ+iSnqbjj7yZimxNiI="}},"NiRbyTdDm3YGVEvZidYXa2uc+oA4lm1JyVLu4w70trA=":{"valueMac":{"type":"Buffer","data":"3TAKlwEZKaD5s6vfhwHB1QE9yfFuPzBTlt+4gRNSbIA="}},"NvZzIBUSHR/EvxeoM3ucyqdn8QHHU/FHVZQJHozMg4U=":{"valueMac":{"type":"Buffer","data":"354wEmrQ9p8DDD06eiTZDBs6g3Ulo3AeGxImmNCNQxc="}},"NyEKfbyouLuqSqInri07EeqOAa8slA0ZB0Yv+PrJwck=":{"valueMac":{"type":"Buffer","data":"0Gbn/0ovmxRBHADZ0yt3iPPobmXdOEp2Jj29/1AJlfM="}},"OCN3Hsc5tYuq/7vt3A5Lgv8B4UvS1lCGrAvQU1vVd3g=":{"valueMac":{"type":"Buffer","data":"+SVKTqGBb1OL2Q93bMWXA9WzCzFNIYV2tmiEPjwkM4A="}},"ODyQne9WBd9z8VE9y1ecJVBPcTqOBg1+sXOjizosR/k=":{"valueMac":{"type":"Buffer","data":"laXsYw5RI1MQDxyub1pFGOEFsz5QnDokuzqO0IZHVfk="}},"OEjHrY0M26s1wkQ+KRSo6Ef3RwD/2DeMCJa+D/2dE9g=":{"valueMac":{"type":"Buffer","data":"jmVQZ5eQybYTuLDvizyn8Tg6wlfGjdm/d7qNBI+6qZY="}},"OKrOUFoN4m20qq2MG5LsXBa9IHQ4gY5NaWftsi5zyx4=":{"valueMac":{"type":"Buffer","data":"/sRO1qYMcr4IqOcsy9ecieyLSqccWBd5Pu/ZCTB6LLg="}},"OM6+1w6q3pa1cgnrKwKcqXG0iSBFdb+8az+rmro3yT4=":{"valueMac":{"type":"Buffer","data":"ZEgProO/GgzkvzqBW2mCK1/SnePoJnylmUrYvhyoync="}},"ObhUqNjMDIDm+Xzt2NGT3nqbNXh7V449lB8x7eoCHjU=":{"valueMac":{"type":"Buffer","data":"ab/fZ6ey/1NDKLsTeC9DC9AEMRYRps4xjumfLRcM8uc="}},"OkOpXSRbW0fuiRx5id+bgAr4ZjjlHzAf7j3Tc/CcnrE=":{"valueMac":{"type":"Buffer","data":"p3hs+40b7WMdSPypbxT1qwhFl6ykrzq0jTX6kOa1uDo="}},"OlsixSbI0Wz0JFhgWLmjtuyQmZ3zR4ABaRlk2Qfrugw=":{"valueMac":{"type":"Buffer","data":"i5z7j266i4Kc7yWhIyuFNFovkCWDWVlxLenHO1EAJxc="}},"On5dMQzGc0ipAzkM9Wr0OLztzatMlGVrfM5AidjZmRk=":{"valueMac":{"type":"Buffer","data":"M/w348ML2GBdIuHi9sJZxIDAGSzJvybLx5l/tSnrINs="}},"O1lti2ZFUDJxE94pqd2yofXHTxPbc98Pu3BMgyzOpHc=":{"valueMac":{"type":"Buffer","data":"v2bQEnvNuBiZgNUF5mTUHSZVFFMSKODsF9xQM5tRIbc="}},"PMJFS5SSbOWAxHkam2gpshnVUQi7KHBHg4/x36kfWpw=":{"valueMac":{"type":"Buffer","data":"vJ9HbVf0ZuO7Y+U8jVZAJztJb9mDpe6qejFT9J/y0CY="}},"PPcGHkpebnZMINdWyCjGs+i4D94vSTN/eHOFVwV5RYA=":{"valueMac":{"type":"Buffer","data":"1vZcktH+LxU6R5+pG/tDwXDlm6RpLISdwtPzwy3gH3k="}},"PQ6lUw5LFS0XReyDiQV/4hCT16TrBECAw3sE2dJPYIQ=":{"valueMac":{"type":"Buffer","data":"gOd5/flPQ+j0qSnu+evEQi1QcDRwuFJ2sGS4brMgi1Q="}},"PVPXmfy0yANTBCSUU5aXYDYLB0XGkU3CAV+HH11SPNc=":{"valueMac":{"type":"Buffer","data":"/micV8RASAUy7Jn+AXN+ZHNaKzTV/p4lIYf4M4LesoU="}},"PeFXDGwArLK8LMo8tt6mT2uRw0l/Ixtb1ouGC30R6PA=":{"valueMac":{"type":"Buffer","data":"qT76rfLe+AJUB7FWTaU3CvsBT2Fm9gezG1JZWj8cdmU="}},"PlxpJuFJj1SiOU0xqxsnifhIMFb/PtNu8KiSDXcUcR8=":{"valueMac":{"type":"Buffer","data":"5haK4VAiz0sTNTfavLc+heiANVCyX2FqL0KFVTwLWw4="}},"Pm61C7lm8lgzX2BCij/pMwUoZpWCYKVNQFf+EmYh2DE=":{"valueMac":{"type":"Buffer","data":"oOgevViZVmSlDsKxmqpHLFxq+T2TdVt+cTpC3CfWQfw="}},"PqxZny0VwciyHAJ6EU/3FeuqlvyvwIaMh0HegggBMww=":{"valueMac":{"type":"Buffer","data":"WtOr8AM+MSVatkOKxVy78Cz+aJJd5/YZqhKDEd7AJvg="}},"PrEOIuf93ao6Rr4EcSg7zGimRn6zwLj8u8qr369MzAA=":{"valueMac":{"type":"Buffer","data":"dcLYFxuY/u07t17si3qv+481p1pF3wHfXw67CEp4c+8="}},"Pse+7qp/p2GKr6SRpT8pqXAF/4R4fTCwP50cKS+79PQ=":{"valueMac":{"type":"Buffer","data":"Gy02M/YcdvMNCvzeSP3G9O4yPGyhQ0Yv3zKRmM83K4c="}},"PzwvYysi8k/lKFFE7nJoDbmRT+TBaAtagU11JrkTQ2w=":{"valueMac":{"type":"Buffer","data":"Z8itivk0PDtgXHwfZ86wxuRhR+lsTFzvD7BethJq9P4="}},"P1i9NgZ5uTlIkQf5PNmnA7jttjJp/CqTKG2g4J5Ghy4=":{"valueMac":{"type":"Buffer","data":"cgYA8FQ0x+dH42kz614SNNZ7CK3rn1xkOxoZC5pDrrw="}},"P8kGvWANn9viYwv0+rkWOPC4Khhz0aTZD3VKQqBU8CM=":{"valueMac":{"type":"Buffer","data":"HGWcAPbfc3WGUzzuzCvKLPP0IJ+kkiQzyss+QC5i77c="}},"QBhjv2Zl1uDDNqOXTbj3wxgvYR04IaPIG9KJZ40uQR8=":{"valueMac":{"type":"Buffer","data":"jsTSphvh6fJI8IxqvtkVcPEDvL2mCNDKXI9sSXtSqPI="}},"QCsz4KHSk5ij9+rOE+ag5TKSzhQv4n6b0LF3MENRSsQ=":{"valueMac":{"type":"Buffer","data":"I4x6TSfrs0ZzEhVgUVDZHJIespBHmtiwagsg9rN+ZxM="}},"QFrTtJFxHDPk979RaIZ1WGpbL7sT6XqfUPvJbr2LldQ=":{"valueMac":{"type":"Buffer","data":"alJiWxlWG0oTXXd/s8R9wnZ+SE0yWEK/ntQlf8HQwrE="}},"QWtCX92/G/g7kTh5VMAXVfMsUSXISYw6ECTDc5hoMIo=":{"valueMac":{"type":"Buffer","data":"VFzgKiO7u7pHw6imdg98bl8HR1olltI0GpyBEoJEvl8="}},"QXDeUUnSe86QjfU/t6k2Ntoqn3l8xMuNuxRxaYUP2WE=":{"valueMac":{"type":"Buffer","data":"h7xyw6+ZU9kE06EBD+P9RS5JoO9lr3xCv18/j0fkDzU="}},"QorX7m1Of7p0uIO1x3HiiTURC3aLAERddUGMHHZ1xGI=":{"valueMac":{"type":"Buffer","data":"vs9WxyQ5UNmVu7qAAR1faJLD3albunUDAgFVzlkYuGM="}},"QuLL9HFCee9df1jPLedHV0PXaZX46OlrUT+39wEwYsE=":{"valueMac":{"type":"Buffer","data":"jP/TfAklf9yadVqcqq4CxIjOji6l1eEaUmO4dvKxgvY="}},"QuS3kfzbNCLdvIW/kjJT+4aUw1o/sGgMvwl6CAYwSNk=":{"valueMac":{"type":"Buffer","data":"7cU5aFIP3SJPOV/7XKTrv7Me8li4exWUy26fG6Gfa8Y="}},"RD8epWgvN7waYTptGc0X04DojuReZE9e3NvI+G3wPrU=":{"valueMac":{"type":"Buffer","data":"TjqEGEali912DSzYqfRGWQNxpVO5pqT5vtXw/zqeHnk="}},"RJuh11QIHt54V8WxlNGqfTIqnSAk0/vfD29Hg6i53/Q=":{"valueMac":{"type":"Buffer","data":"4vs2wJ4R3GdCsFBqlzya0g0I7UyMd61MW0vm4bmH7K8="}},"RSa2Ga22v65m2sarcaWJAzXedBEqAKFIG+WNhYmIXEg=":{"valueMac":{"type":"Buffer","data":"LU7XdXotZCdxHIOe1KIlqIXtEmvZhJblxGjpdd9m6pw="}},"RZHI02M1hSTrZVS65aGyooptpbCaU8ENX9QVX3e3y0A=":{"valueMac":{"type":"Buffer","data":"aGYnc8+t8LjfcVw/tMGGh/R/RNbiNHVahR34WcDh4d8="}},"Rc2Q/1AJZ4Wrwd3RGn4AQOV6DuyUfZREKKiluDCrGss=":{"valueMac":{"type":"Buffer","data":"3SZb3VzjbXhSvIsclP1syVmjvBEoHNl5NAMA68289lk="}},"Rl2fIIp2h1wAO6tCgEcrl8NP8Rj0QkFhPA3qcf6XNRs=":{"valueMac":{"type":"Buffer","data":"XIRP115HhhEu2mQkAUJh73gV9PypCPoaEfeEw5zDMZA="}},"R7fAC113jU/sSaZmqwpGi8Fx9jOy86cLDWeyKH9IzV4=":{"valueMac":{"type":"Buffer","data":"fnenmWCz2Ym7wZw4hnRKgG8zE2XsU5MZyO1c/P1J5wQ="}},"SA/+rc16e3WNqe2Ifm38LR9vI8iXJ13GZ+4coq/wdmM=":{"valueMac":{"type":"Buffer","data":"5qJfk+4raAivxhbYQEbnyIlUbr7HMGup2tBVttuLeiI="}},"SCusR24M7qEHIxqm+fIkMVQIqMZ+C3YWbR5a5+SOzVQ=":{"valueMac":{"type":"Buffer","data":"dZonfk4nk1L/FJu+hajPDTIrr5dovMcNCTZ00B+2GUs="}},"SD3LCZABg4jzGXeoVXQFyz0eRlM7pd4+zHSywHzBd1Q=":{"valueMac":{"type":"Buffer","data":"N8yTfOEdY+P6OMeYJNjQgKnYS3OTKfULxr5gAK61Qrg="}},"SFNOB63JLddoiAiRPWzNHpCO0Gaby2y0mnb5stNJFVA=":{"valueMac":{"type":"Buffer","data":"79ML0lEfls+/UvPga1DqIwSRBm1C9ywn2Gt31jJ95e0="}},"SMn06/mTWlXK/kAtsJ2O27SJ6onchvaqUoe8OY2P9VI=":{"valueMac":{"type":"Buffer","data":"7TPwJ40/Nj86TihAolSj4coC/WqtKUy8l7HbIzfUNxo="}},"SahEke2Lpgq8vYj+B6LixgxuLj7DeRkom2mNTXjGmUc=":{"valueMac":{"type":"Buffer","data":"D9Onun/y8S1J2G8Qmcv7LrUSySgLavw2rMv66KndZyw="}},"SasjIfiNxAFOumr8vFpCYkVu7FLi7eXGmiPWrT0rPWc=":{"valueMac":{"type":"Buffer","data":"jas0TYl2hEKFGW+hMw4tICNxpUqF7qi1jNEaLdd72Ek="}},"Sf8FJwOZRusPUybGLUNlUs79on2Rb6ksRDQza9ubL6w=":{"valueMac":{"type":"Buffer","data":"a66x8K6qhDnU3YLbP6AvykL1qXpK64JDOxu1sQYQBgo="}},"S+YKepNekciqDLHtwB9xy44qw8zW6kMEd1G789jXrBk=":{"valueMac":{"type":"Buffer","data":"VU6ABuxjkndg872gt6CtVoG63jBAsjnHrvxWzEyjR6A="}},"TE1ZsAJrjzBO8JyqyQqcp9XotBQIm2JldFBtUxQvKic=":{"valueMac":{"type":"Buffer","data":"2v35uP4ZM/zFlDlEk/4kL3RJHFi45jVOsBACEE3hIdA="}},"THBNDMgErTMDgVi0kooV5iyatFHeH2fWos9Vb8RWh8A=":{"valueMac":{"type":"Buffer","data":"8x+vZeDK11xfWAky5A/T9/rIaivyUVQvnEjKqFxteuY="}},"TKBuyFfTLRREWpX9l08osOjcGmaKyAdIT2qPuVP76AI=":{"valueMac":{"type":"Buffer","data":"4Os3WbFRb5Ut/fNWiBr+Ur85sqOfx7NuLCo+wg7v7qs="}},"TPU5HiL/J9zMa3RNMr8jel8RZEutp/rt2lKmFB5/6u0=":{"valueMac":{"type":"Buffer","data":"M5QP0YoW7GgKBGc1uOCGgP7uJysnQt/YGd8T/SnE5ak="}},"TmEtJoSGhRGEQH+QX1eJNfH2TtPQdQ8oaBSTTQ0cvuk=":{"valueMac":{"type":"Buffer","data":"9RYw2opscCwh8v9+qsVuzt2M6kRUpbULk860FXlpRhU="}},"TrmazF80FwgixqpDvzgM0idIU6/QmM8Dco3f/GKNGqM=":{"valueMac":{"type":"Buffer","data":"ZHF+SLsQIfD+KQs+mOADbgUOmrKlg/xcZqXxZjaliQM="}},"Tv8wGVIBGVvLcS9zno8bFvoQr/WkiA3RvxWwAezqIGk=":{"valueMac":{"type":"Buffer","data":"YAtYKeTvo9YXdsFGTdHlG7gVjd+GJf91we9J1LIvQSo="}},"T17ZuLKeTpus/56RHmlYSXQjXtlxJxfWktGP0bfMFkE=":{"valueMac":{"type":"Buffer","data":"8LHyL7IWRk3oiJuQo5cd7bbwEYYogprQrp8NRch/s08="}},"T3YndJRTUex/SxPijUTT04/SQmuxpJUhhJID8eRK5oQ=":{"valueMac":{"type":"Buffer","data":"5A82weEgHMzBZo1z+U7sVbliDcJVZac4yIXRgpBqfw4="}},"T4fPSA1xwnPhn7zqjKGtMcnxJQB7aiC2UnAa8u+/8l4=":{"valueMac":{"type":"Buffer","data":"OSUMVxUVNR21F3NWfpo/bv7lWbKTAU3G1oyJOUhRgts="}},"UAR5A20c/p+e13FVCBSl/lFfCgDwN6cNOYJcoP0tVdk=":{"valueMac":{"type":"Buffer","data":"s27xVh/gr0SFSlCqd39c/q4vw3nPdjLEDl+dTN77XCA="}},"ULeKWNzPQGZbXMqshUSYSW+oBzA+bYp59Gnb+JJ9rN4=":{"valueMac":{"type":"Buffer","data":"o51e7zop13O3M4kRjQJpnOCjiaOJJBqLMGpeqXq52jU="}},"UToN+Ka9ZodEJYcqdqc5/jCIadwoNcQMVEl8KVTSZMA=":{"valueMac":{"type":"Buffer","data":"tVjhiJa0cNtM0qZukHGphM/xCQ2eVMZ7/IqiEYB9tAs="}},"UTq2xraXIMPoNIWDb26loIjCj0iStVaMhIH9M/h1umA=":{"valueMac":{"type":"Buffer","data":"eRHKwUel9syNWKcAzp4cA73VFJsAmSkRbvsrY06Escg="}},"UUfy8SY9A4SGdhhRQ0yzgdDKzzOyEz37czAxDvo7LXk=":{"valueMac":{"type":"Buffer","data":"ZyCtjgx6rXUltguBKZIN7h1te/B9k4Ee0HXIqXoSG2M="}},"UXH0rKewKml1wo5AXk0E8+IsjjcCz/47VsXuyv0C61E=":{"valueMac":{"type":"Buffer","data":"dL5w+bu2L8nN+eoHRiAvolksWyee1kM1GYngR5wWEew="}},"UZAYKoJqGve4HlHlA85RKEpMKAhtvKzYlA0P++PgD+0=":{"valueMac":{"type":"Buffer","data":"tPvUA9NYiE5uaCAi1vGFavzswahxcNQ8SBHEo3nrOLI="}},"UplsRNwjdLAJTcY/o/actcnnzbsmwzYvg62LwFH7xRA=":{"valueMac":{"type":"Buffer","data":"Vl5b9c3L0DCHhTAH9cJ1qSzT4cpG6SSFT/lhvzKJJWE="}},"Uv9B6vGQ5bUaPspfqY9hVPaBDISiUCtPSMnChNtbs9I=":{"valueMac":{"type":"Buffer","data":"LXqfnDH4lo5u6aXnM88lmX5mMiGDMGUyv+EtuTyd68s="}},"U4BTL6WwO5ipzsW/6u3oWd7gD96Ho1THL/xdvmu74Ik=":{"valueMac":{"type":"Buffer","data":"TflCOOdWZ21d6W1GE7m/arrWDwjSnOXCT1eiAmiHs6E="}},"U6lzifB06IzV7w/S7hgknT2R4SExVlQ3B+ZFgefCI2I=":{"valueMac":{"type":"Buffer","data":"I5r39oTP8xyCr7klnvCdGq7oxqIQ/IlDBuxN9HDaI38="}},"ViZ1tfExOd9VPREnLeZEINvWT1A3+B3KzWtKzf4ZR8U=":{"valueMac":{"type":"Buffer","data":"ZWPjn5UjK6JQ6uEm+Qf4YRx52L8ipFHAmSbmOgD3T/E="}},"VlCmpEKU8R6CC/wxPJs1vWiB3skiMR+nJ9+l9k1hmBM=":{"valueMac":{"type":"Buffer","data":"/IIJgLIjggyLhmSc1XvW5MhyroOZ3BDi74/jeDQLrgk="}},"Vtybbeolrj9dTwC492/lgqw4TmKDuaeU3fUUcvSTSnM=":{"valueMac":{"type":"Buffer","data":"ut46iw4F788Olv1qvzUCjZIKvKvmXN6K2jKlCi/tkzo="}},"V1ZiT33ufZll68TtIrAyPp3psJS3Z4i2t5oSAgZJBPE=":{"valueMac":{"type":"Buffer","data":"AVjCUXBkIhfbjEf5eB9ksNLOxjvdeezMKqj+USIYrDw="}},"V10WfbCbpO/BDjIocK1CIUT1ESEjMIBBDJhwfGnOytw=":{"valueMac":{"type":"Buffer","data":"ucVPKhqErRT52Gy/DLwq/yMlka4iBBehX6sXq2V7Cjs="}},"V8dkEyFS55n2otHMbA3AsWddB446ekg0tCyi3CPF8Hs=":{"valueMac":{"type":"Buffer","data":"9F27Zb7pOU5itasuUQ0QLSt5crDRdj0nwMT8aXuB0RU="}},"V9UoF5UgMNXGW54uQMAgAQbyEBdZkBbhyJ4k61HRqvU=":{"valueMac":{"type":"Buffer","data":"I4OaXqCj2GdjyM+I1ILpuG7QdSIY5GgDykv9N+whJRQ="}},"WB1dgN3qiGdNc8bFx1ncGm0+csk+MZ1/8diQzVuJ034=":{"valueMac":{"type":"Buffer","data":"wG+JOjoySJoABovAiLKVyb4sWaXZvVgpEb/Auhdv9Uw="}},"WMa5Jp5g96XtCajKOArS+v6fNx9yDqCt8aeaOM/dSAg=":{"valueMac":{"type":"Buffer","data":"Yw46CrwYXn0R1ZoXAn/VDbqMf7CW0HPNByyOAyeUadU="}},"WNfkRty1bxuK9PGT7VGUXddTEp4APsyTcBZ6sCuHubg=":{"valueMac":{"type":"Buffer","data":"wBPSCeECxBF8cLtruc2us/TFCWgSR6yI4uMVdNyf4WM="}},"WOKOCOjQWYKRc/i3g+W0yrjAlWXAJoGTJfgmlc16L+E=":{"valueMac":{"type":"Buffer","data":"uA1xpjqCgCXxvGFVOyfGniK1j3o6i3SvFMWSa4+WDik="}},"WP8fLD/SpD1GCApVpi+3BPwrp+4GiIbyEDZ9YvTGhLU=":{"valueMac":{"type":"Buffer","data":"cE+9Ftp4DjVHlWnQrFJ2dsfVX65BAH7sW8Es/MFROno="}},"WW4eGAsFAwxtD/oIQI4DexWCPcAZD0pPy62Gd5u7l+A=":{"valueMac":{"type":"Buffer","data":"4QCnARlrwheQAN2wcZr/nU487UhmbiNIEUAnBL4skck="}},"WZU1ZVn6ea0/gRvdqt4YIqC8m1bokSSod6nRFdcZbiA=":{"valueMac":{"type":"Buffer","data":"UEAhJer922+OlZyiWLWDRYD1ybzJ3u6z2RMAaJCTfm0="}},"WlFLh3/ryhCcBup0cgLlmflyI8yJun3Yvxmoau3dKyI=":{"valueMac":{"type":"Buffer","data":"EAHtQbcKXN1E8fjvSHWsu3/xk3ObWn1de/gBB2i7uhQ="}},"WoRkX2Oedra+0tSqDkZRmpMt1akk/gy8ZuyC95NQCy0=":{"valueMac":{"type":"Buffer","data":"1cRziI4bo0xtl1ODdGt/fZjhCriQnZuQpCR3+46Bv8o="}},"WrARpAN8uUwAIis0pqoyXRUTzdVI+RubRIPp6Bxfk2U=":{"valueMac":{"type":"Buffer","data":"rPY1LL0uEngUrKkeCNMryWzGOhfnD43dOdwKBei0Ulk="}},"Wut02e7ykUJwqEIpKy7Q3EZEI4l7u4TADEpDBvjUNfQ=":{"valueMac":{"type":"Buffer","data":"vb8SkXoXU0jciuoGl43/QIJwUSR7qcyJzbTymqVvxrs="}},"Wu+dC76BbuOHNVCD9TTBySGn1GI9OqvsBpYun5HBh2c=":{"valueMac":{"type":"Buffer","data":"Po1ninz/FxjjP1xBDrIcoOexGCowz6uODvMvbdGHEgo="}},"W323oZsn8YpNB0sTu7aN7rhrxzkv+wQNrjFO+Qy4htY=":{"valueMac":{"type":"Buffer","data":"RhUApgTc5G/wkVjVeFFjchj9sZw1F7zaVrwoV92jWdM="}},"W4RTgD1nHb82n3RdQVr89ES3jB+BHSn/FzRvwKvJH2k=":{"valueMac":{"type":"Buffer","data":"tWgO5FStults7nyvoCHOoJfZS1XFfssL1kiMzibrl9g="}},"W9edZuW0r9uyzLKg+IA2BYYls8qHLJQ0Yw7QSGf+boo=":{"valueMac":{"type":"Buffer","data":"HkfvQU5Ry39s+dUh1Kq0MhXVtpLQ2T4CD0Khsuxk5hg="}},"XGEthR7PJu+sFYap5cbxVh2M4HZVBAwIT8zNTRgDnXo=":{"valueMac":{"type":"Buffer","data":"tOCImRNpgqwvG5QlKXSyPDvMo0fSqlxzCnBOOFoM5eU="}},"XJzXJyBhlzRpDTza/wiPu/YiBzYeydGHw9TuiS4eBPA=":{"valueMac":{"type":"Buffer","data":"4ELnNkSAFTZ5et+RLlGsTUra38AkNVUN5eObna1LhO4="}},"XJ/WoS01KozCb58chwdfE0OI5OXFGtRu/7F3mpinBDs=":{"valueMac":{"type":"Buffer","data":"gEH2FefOzUqNUvae5iGzia0ZxTRYut/2q06KuQ9AzEg="}},"XPao1rm4HcEIGWICB1BxS+yl2IsZ6kU0a2R8q2FrKIk=":{"valueMac":{"type":"Buffer","data":"q9PjLJhmv3L5RM5517biA9f/qwP5cu9lnclRRRP3+8E="}},"XS+tf2jVFjM8N6vuoLf0eGI4GMfeSAEk3dS12SG7nGI=":{"valueMac":{"type":"Buffer","data":"iW3mC+MiEOFfWpRCZ8xMRtMnS3W+1M0q2Hj0RpXZW/c="}},"Xb3cmynzysqDr7q57J1cnbjtZiF+TCgomCRqjAmZdow=":{"valueMac":{"type":"Buffer","data":"RrQ+qhOE0IhvI6uURcCJDRH23pi5q2oYMTPaweeGQqk="}},"Xewg0py4vVL2lxeynpux/ZCepIszwQz7mLqY/iSIo2w=":{"valueMac":{"type":"Buffer","data":"Duba/Kg9zG4qm+Y3xmuDxLvwrJHLD5zqFO3BdwzQYAg="}},"XhkYji+DjouV9xPgvsBRyykpUyDh3PgErvBjm7GK6po=":{"valueMac":{"type":"Buffer","data":"gUJqqvTejyQn1XKQ7iNWS4HeUP+/svhMuwS1VeUcKIY="}},"XkySXQxC92dL5vkt2zuNvI7UsUlWoi+v3aSXlMU5O+8=":{"valueMac":{"type":"Buffer","data":"KrO3MG9pXDWxrdtsOfv+UVRf6ikeLMXfVhidOubs+aY="}},"XnKvHO2Nu+hckv7Gkg6uYXbVFgjMIsP9nFjSTNl/BV8=":{"valueMac":{"type":"Buffer","data":"SNqWs0MOhxq2wJkppME+8oz9PqCIeDjebNKpLL/lDCc="}},"XqSwle6APiYsDL1GK9dTJ4SyN5Nk7k5W8DlmiJTmX94=":{"valueMac":{"type":"Buffer","data":"HJMYseka6lbJqEbhWOqOGpYwyd60mXIH7QlNxCSoF5Y="}},"XuoUUmkwPkQ5ujT98aC8Lge+CA2ozqKOb5K+ICSYOKE=":{"valueMac":{"type":"Buffer","data":"QGkPZs/M1rTjsSnqtHTVE1N7Ug5sN1dnHpjo3BUmb5Y="}},"XwoJwglT6CP9WdRdGIpY/T8yAOuIljR8BvwCoIcWdkE=":{"valueMac":{"type":"Buffer","data":"zUXolgCKwB808OKqFfvrMwlmic5hPeej4arDmto3Xw0="}},"X4SHoik1fvKFR6Jd+BzKG/zi22ZyR0ZwMdHjS5ba490=":{"valueMac":{"type":"Buffer","data":"d9a52KXQPE4K1+5p8ZOOpoW7Zg7CQXpXTUaJd9qOVZc="}},"X6yggB5scUZrrn6cM9g3ik4ltViHS8a8bjrLBi12Dok=":{"valueMac":{"type":"Buffer","data":"Iv3G34NQ6GzgGvCE/nlLYOLKXWFNPSbVbDvQFGi5S28="}},"X7/xSFragjjUwDu+b4WJCsfv0paVsIf8CVabcNH8zuI=":{"valueMac":{"type":"Buffer","data":"GsyYgRgCGy5eQtIxeluAvY5b5LhqJhbgc43mV96E6Eg="}},"X+EOdjhl4HwoNtDCcMbmj/MOhy/tLPcvETJE3whBd/8=":{"valueMac":{"type":"Buffer","data":"mFnRX8ZhCDuRBLM4EgfuagbawTJZvNYdw3RBWB+Yrec="}},"YC8DhZ/1tKp5ZsYSUR+b6NIjuFQnGnD7GOr9xeXS5R0=":{"valueMac":{"type":"Buffer","data":"DIGBY/2qILVHZwyIx5nu6i3HW2Ao9cTNtJUZ27HyjDQ="}},"YGRdGXVX5pql5oEDg0RW+3+ETkhPVEXHKY6iuKKwALI=":{"valueMac":{"type":"Buffer","data":"6L1NYqGm6Y3YWXSmE7RhAWzM82Ljt7zR+CvP6ede2M0="}},"YUWlohlVq8GJJOGS9p5lFETI7zrPQD5U+2e1r3igcc0=":{"valueMac":{"type":"Buffer","data":"dgQb3Z/SucilazqSBR4btMs3LnUKkqFEldlQSlBeXyM="}},"YZdj50H0Y0vC4Qu+TQYpp6ntmrYdkBWaBXhQqUSsNbw=":{"valueMac":{"type":"Buffer","data":"N9oW0htwKg+gtTBd1Nldv/J9bsz5LKUWk38dLhKOgmY="}},"YgalDy7aHATCBnQGMMoEB/mpJyLChxNZk0OVFYBrcac=":{"valueMac":{"type":"Buffer","data":"tVczzHItUuwd/oDk9j9SdulMuHmV+IvqPly1v9Uc6HY="}},"YqchxK5FwQcaC6NOvySOW8gbi8no2INBxGn5ff6Qbh8=":{"valueMac":{"type":"Buffer","data":"V9ydvYICVOB+57o4VNkxp+vwDH/lulj6XwcVUDioPsI="}},"ZJ2D4ljlA5otjGcciEniC7+SAM6yBDgyKr9w8cUFVT8=":{"valueMac":{"type":"Buffer","data":"ICI9+n41x1LPiQ00pKgqIyi6QK+QrkkZr3bajMCYO1Q="}},"ZKh7JqLWUcz5VIfE+nZUErxM7XO9oNvsfMO0v8cfWfY=":{"valueMac":{"type":"Buffer","data":"/Xkr0G235pOUHeik7+ZVzazhk6w9APh5po559CUWoc4="}},"ZLCY5gVQ/9WOxEiTSNJOVnK8oiKOXjF3e+JnsBVKzxU=":{"valueMac":{"type":"Buffer","data":"3UkhFMf3xlHoGCzPkvKly48WkWWB4vQMQiEjcZA4bzg="}},"ZTwhdbQP8dncC+42sdZREIfRq7WpdnYQ/8+ZCUMXjXk=":{"valueMac":{"type":"Buffer","data":"M19HGAXK/dmhbePV2FAWHVsMf6N8jCpxXS0ZFZ1I9/E="}},"ZrA3sTVpM9jf8d8wJyGRDZRJFsbPEj8XQ35RbpjESp4=":{"valueMac":{"type":"Buffer","data":"8jzSDXj2A52QnsW8a+8GxuXGEMMDdqqFlLcYkuK9adg="}},"Zw4bHfQlLp0bG8kgzlJBrfFPMuhttNsO/1KPTthXCDw=":{"valueMac":{"type":"Buffer","data":"O7vHlPjR2F77Ag/qycaK26GnrC+GwyjPz248P5aK2j4="}},"Z2ajhhaNPdoHkQ7XyAztY1kHuPD6bKAxy5lwjdYii7g=":{"valueMac":{"type":"Buffer","data":"7n8VqpxrzCiP6r86UMl4+BYemzK5COpJfmDTz8t/OZ0="}},"aJkDqLUGVIsx6p0coLtpknHqfeUexoFkfAe1mtvdgkk=":{"valueMac":{"type":"Buffer","data":"QqSO5LTvyF+NAYIwjPLnnO9gVXfAVZrCUMjC4gPSjP8="}},"aVjxaUBIax7TtZvKnpGZvy03S9hwhQpGXaPptbnoruw=":{"valueMac":{"type":"Buffer","data":"7QKGk6jj1nP/1ryFnHeS/jPLsT7Hic3+fzgvnnyDliw="}},"aaDE3UnM+3q6ofqUzQ5A+TW/EV/T6OUWH8pLBFGJFDM=":{"valueMac":{"type":"Buffer","data":"DOtNZdzbDJbWxyziin518Vd7XT6/+Udu3bUZHDIa9sQ="}},"abluGVL3315WRUICZR5aejkWC9QaYeaHibZi0S2jCZ0=":{"valueMac":{"type":"Buffer","data":"spFcY1dFw2dn1i3nLprt5XsOxp8wcsS+byJIzNZ0dnA="}},"arch0so6dnZh5oRajM/oXff16tg3PmJZn6+eR8OFwoc=":{"valueMac":{"type":"Buffer","data":"MYu5coXvjULxe/V3TtMX0oa5fyhXF6UCrDx483g9cvk="}},"axHOrvpxGsxsmsP/LJdacSyhaOWGvN5Tp3aBiZMv/Ms=":{"valueMac":{"type":"Buffer","data":"anCmggFbgRolCx0QG2Sm/7HFQTDUC2r6oFlItopbKYE="}},"azqgh5E+iu0HmbxfhIVZo1kbnMgp1o27QMD+EtNmaR4=":{"valueMac":{"type":"Buffer","data":"xPIQbnPOErByqb90qoYw/AB62fyPN+Cd13iF6iwy5RU="}},"a3D3d92S9UiorBUdrAuRip84yw0fkf3k+lENTv3dix4=":{"valueMac":{"type":"Buffer","data":"yby5ah2iJFicY1h9ejStJujIP31fKAz5jeX6f9zR7OA="}},"a6eHunnX+xbHEVaIiLSf0tTjIxrwNGKjqiyBXu++Su0=":{"valueMac":{"type":"Buffer","data":"a1zgyBUJtBEv0e9EY8TNEz/rT26hZXFgAFeVZYQ+NkE="}},"bGm4Iz45TE4pu2xRtxkJqiKmM/g7oC1YngAtmmXBf0U=":{"valueMac":{"type":"Buffer","data":"dkTa4rA9eREh+nAtricOvn9ZigsonEnRJmWbXyRj5R4="}},"bT9Nzq+9bLVM/TN5Ddu+RHlUu+rF3gWXkIzgwyvvGKw=":{"valueMac":{"type":"Buffer","data":"GZsGli49nIjkkkpZ4BaNz10HCNcx9PJgCYgLgEbkBWc="}},"bVFjCPU6xUl8pDkisPpGim4GyVGUYrW1JCLK8jff9gc=":{"valueMac":{"type":"Buffer","data":"Le1OrB1pBb7xmJhNo1niLrgsSCqhLTs4JPg9UyDjWoY="}},"bwBZyQfdWyauxb0BOWzzDMUS2mDrpHEpG4RPtfLj+2U=":{"valueMac":{"type":"Buffer","data":"pMcV/vPyEX8kJh3Z6dg0SNv4L7i+RTiRhswvRCUO5R8="}},"b1XSNDGcVYywe4FR/oI81PALIOGl3yQGE4PW3sXuMyw=":{"valueMac":{"type":"Buffer","data":"XmWI1M/gKsbHt8u1daj9yteKFEmd2cb+46p6bsSkBEU="}},"b9oDvCZ3GK6jyMA2pXJ+49dvu+uUYVzYNXe0/LQ7Cqs=":{"valueMac":{"type":"Buffer","data":"gp0erGp7rTPP95h/W7KD25NaSLyzhRksU86T7OW/Eas="}},"b/vGMUa7ahfacctgRvmDNzCfzB/1LWr19WoWJ1Gw8wI=":{"valueMac":{"type":"Buffer","data":"UPHwGHUinWvmR32a59r0KyTMU6XtxXaaq1FzcqVeKYI="}},"cDNaeCj6qR7ndVprrAJmhWFfgu2+pGg7OtZoBwBl/iE=":{"valueMac":{"type":"Buffer","data":"EPj5efp5TSs7Oyn2TilXTUCiblId9b025uldHHfGVX8="}},"cSJPbz64XcCeXFKD8w4XUQgiri1ZS5TaW3R3xPJ2nlU=":{"valueMac":{"type":"Buffer","data":"bvRMQNalAxax3BK9EZbxipQFA9a99+hftq5zxj6hmTA="}},"cWAde7sydrSRMZ11ythFvj8PVqxLB1YB3tPwqHKthtg=":{"valueMac":{"type":"Buffer","data":"zW/HF/+PwLD2/uBw1rV1N7dFuzYnJgygD9es2nEeoPU="}},"cWr/9mqzgIokomVcQsPKyH3+ZuQGpdNwsRolzdM2Kfs=":{"valueMac":{"type":"Buffer","data":"o5k/C2syz4ihC+MTB68bCeIwlOsC8ZpED3fvfnr1Nco="}},"cZrC68fQu/D6RNRBEiDRo1VQsB0VpQ63/XvNTxo0PIA=":{"valueMac":{"type":"Buffer","data":"/Mf+JSy6T2OFLgEz6XAlLjVDZ1EzfS8HCGtiHVzMFsA="}},"cZw7WzQW4G+EtMpWCmBZ+O7wYcKyVmZfNC191nzjzjg=":{"valueMac":{"type":"Buffer","data":"MbM9aGQ5ySOSyRMixXj1nOkyhF8fZbcOHwQtuB93Ro4="}},"ckXVvgEntVLEtb45TJoxorJVBBsolJ9vQoXKEQDwCnQ=":{"valueMac":{"type":"Buffer","data":"je5H0KnP8+GQdhlPgTewBhV/LvJeEYW+V9oOzUdqoLI="}},"dC15GPDzSRTs0l7FHW9L3zJM3Ag2MUzzI2jlZEOAgDE=":{"valueMac":{"type":"Buffer","data":"QLuSw5YMIC1tcZvOiPqW4q1WMzUSXVf54hJT3jgDF5U="}},"dIz0sY85m2TY9+gNeXhEuhF18Ogp1oJAalfG/lp1rAQ=":{"valueMac":{"type":"Buffer","data":"KovZ8JoCqSBXFsWdsd8l7cbpa9rOp3e9yUmnmTUEHFg="}},"dPc1qTOouMBYifQGGvB24JBxLQDVuev++vPDqepvbEM=":{"valueMac":{"type":"Buffer","data":"wi/xmGMPGeWLPbIFo8gUSjO4HhGN45TVt+DJtTTOPRA="}},"dllth/CxIWe2gA9vZM2FaQpQSS0FIhbzbj9aDLnNPDg=":{"valueMac":{"type":"Buffer","data":"8GmM+Hmy6xyDBpl/Ye17dSEkxJI2roP+XcAy7xUA5xc="}},"dlsvPCx8z89WFJr08kph/xUmDwSo7i/AkOMogU4zz30=":{"valueMac":{"type":"Buffer","data":"jDpTcAzsxoaWMmkdqnN1tXPUd7UoD+KAQb2USPIE4JE="}},"dr5Bas5ghIcR8TBMYFJHgqa7Pqun0zd+F0qnjSQuJLc=":{"valueMac":{"type":"Buffer","data":"B+R2CKuMrIxYAbTe5x9kVZTkdyFDI+PKQz2RG7xjf3o="}},"eIRsCAeSk5uMr9u+LyU9/CeNa7mMtZRxbKqTaabiRHo=":{"valueMac":{"type":"Buffer","data":"sE/L/KKzKDT/m8wgX59c9HKkXI15hBtZW3sv1OqxoMI="}},"eWQ1hr49WOcrfpAL6ROreTkXwVgQdLP3iGJSAbfG/Ow=":{"valueMac":{"type":"Buffer","data":"7YmtnVsrTpDT7wTOwShZoej/LjdH5/GmHNZtZjUiRs4="}},"eW41ftcIHtSVA6lLiI+dNRBwTzIAbdMCFP3OuSug77s=":{"valueMac":{"type":"Buffer","data":"O6prYkGd1XEQzRLd46xhnu8fORgyn/oCV4OfJCW0nB4="}},"ef4wEBgVWcQHKyTwZ8HKCdYU2FEFbUgBRCA1ymtvFWs=":{"valueMac":{"type":"Buffer","data":"dxKWiC7YKgb84iRKxNP1Mf2uCq0rz6uHoBTJ8bf6Esk="}},"enM+riRG9CTgc/DFvI7cuuX4CCbLB2QBlq5FbzY/Qb8=":{"valueMac":{"type":"Buffer","data":"p4aJG1Ry/y9FsQSfPVLPHtP50wnFq0kRsMZe1QIWMwE="}},"esVIrJ3hEOOCSuCkJa397dg0etLVWpMaO+Co7RfjmsI=":{"valueMac":{"type":"Buffer","data":"cPrUpj2Nxn2qibn2f1/J/NaAuPLarauHxyjLhsKLsg0="}},"etEoOyU4kLURDridj098kFP9acS3PEe1Q924eaGr1gs=":{"valueMac":{"type":"Buffer","data":"W0bMgVfz9b9r2CQMP1LVXaD94QZkQwy330eEKOwUCIw="}},"e9eVFM5ECiItSXVaX4DMLuCjQDFr+bWtEDKqg+6sVSc=":{"valueMac":{"type":"Buffer","data":"q2UlpuMOj8Tf7qNP7nPtPuXS8O1wfy9Gkn8Q9rZb2xk="}},"fB7AyW9M0IHg7/IXNyVhJ/pdqUjsHQZroBSH/5Epjac=":{"valueMac":{"type":"Buffer","data":"gmqSIKXw0dV6Tg/qiQzFlVOT8OS9yW4t7r/zxD/WtV4="}},"fB79GeLT/5S6ZSKcU3ySbpGW0Ui2NMGYVU5uj5BHEzA=":{"valueMac":{"type":"Buffer","data":"2yW9aYIKrKcSzUOP+J4yZCA8OutQnvm0PsTuXD5QkCk="}},"fEq4JE/FVGbkJrZ1ZsJYVFhe6Yn5gyKqtJCQCgZfAow=":{"valueMac":{"type":"Buffer","data":"5oJgwFX6pdM2F+2k+edc1erLxwrA2mvla/VQzEQnf10="}},"fE5CkXi4HSRmQCjIRZ7pjMfBnNy4PaK3EeU8oFs88so=":{"valueMac":{"type":"Buffer","data":"4XiwQsWFcnH3JmWOQJyxU9Vf4ncLeJHKRG3gJGZ4xnM="}},"fJWHTowieqEag7XTitQQ3mhJo8MNl9thrp8EbDR4XOU=":{"valueMac":{"type":"Buffer","data":"Aq9vxO3EmjZJgJ6fH1sHTQOQcY/VdQWOYU0E0l51RNo="}},"fanB0FKChCrF7GUpnUYhJs9GSSWtvMdcM7cVXkZHrCk=":{"valueMac":{"type":"Buffer","data":"Jem/9ZKqmAo8Y2QGEHRJBRFFqro4o4x7qHnwvvSiFPs="}},"fcdaYbQJq0OPdmlhCyE3CP+Ks9772BmksAnuLh8nheE=":{"valueMac":{"type":"Buffer","data":"0NZurEXra87b/hmWoLcnZJ+J3Knb5N17N0UBgiaB9io="}},"fithDgVqxIem5r0MTnzcLbYNvf9QJ84WTL97g1rgQvA=":{"valueMac":{"type":"Buffer","data":"MwyTcZG9R9biFLYMM2b4N80MjRUo5oNZaZbpcVUy9HM="}},"fkbUbuT4aLXrNXB9/2MxOQOiiRRd1wvuOR5YjH2FwbQ=":{"valueMac":{"type":"Buffer","data":"6jSKB/wRuqn9shDC3aEacbvVoNwvkkFZ+UvzNtbG5l4="}},"fpxfGEzzWi8LDJAb8V8CRcm8QMcGrYmqad9gCtQo4wQ=":{"valueMac":{"type":"Buffer","data":"BhrOp5A9jF8U09o0Z3mYz8rNvo1Y2JQhQ5fxQ3g6oYk="}},"f3j6v58/frRqafBJgQRSgSfClOnT7hZK9Di8T8/zbyQ=":{"valueMac":{"type":"Buffer","data":"rUE3LlCvfByIA6XRkYQCrUBkxjOUinZkGeX7dE9/Pf4="}},"f4qAHARERUkimuqLTHgYAWxFMjwXD9OnUatFn33a6cI=":{"valueMac":{"type":"Buffer","data":"mm22hHlslnhNARPiomGjgHBn8fLlNwj5vAu7aj6/r7M="}},"f9HyVTnIyXCXRA9/2YuuPd34CoHqOFqLUFr3VxpYyvA=":{"valueMac":{"type":"Buffer","data":"3P1s/tHYt81vzFAP1ZavCE3mPqvtWPKg+bYOyURuEJQ="}},"gPyjIoMmHd4PVuysWnZTdt1k22vPqNshldFFsU5NPQY=":{"valueMac":{"type":"Buffer","data":"qVwzL6+rB4+J5XGLPN1IShfPcszIJKGhNfv574V27XE="}},"gY7GLT4J297Off7sNfDppDXMM0umbbLE+jPyuLOWR08=":{"valueMac":{"type":"Buffer","data":"V3ImOLWga1pOrFHtpifx95jj4NiRHvF2IUDonwnBF5E="}},"gpRJNdH1uqpEBaAjAeU/VXZvl7jHcFQslwuEcN22qUQ=":{"valueMac":{"type":"Buffer","data":"W5yhOrK/r46ubMmjF7txeNU8HWb/KmXPwXOYX3TSm5w="}},"g8wI5FE/HrHtZEmnUa4FHvfVZpn+29OA4cYyr5yaTM8=":{"valueMac":{"type":"Buffer","data":"3SNKNmk1mVcCYBy2rr7Rh7jEkfEmXmRTNAxiKXLYAA8="}},"hB5x6Y2m5FsK6O5IRo8efopyFmjh9AlmBfLAl7am9iY=":{"valueMac":{"type":"Buffer","data":"BvbmaRp0wYaSRUfzGLQStaOOCNWf2loPBgre0iKyvHo="}},"hHjz2lQv9GIZQG1bNrV2ej+fNWlG00PpPaflHp8GCfI=":{"valueMac":{"type":"Buffer","data":"VWjm7BsqTPM42FNfwdsjA0UUxoeAMa+GsK6/QXkUueM="}},"hRlK27IicxLnD5MI7yZslN8L6Ts+flhgpRluc5ktY2s=":{"valueMac":{"type":"Buffer","data":"AmTlqjpUTNc350LxhktVpZqh41Pm4Y7LTD8xvcC+JWc="}},"ha3I+xoR1kV1j62UY01KuHTILbOkcluxRtw8bmCFOxU=":{"valueMac":{"type":"Buffer","data":"qP+HRPn0ZUR427sscRaNBkl1ip0sxcEgFzXK1ryB9cY="}},"hj+f3uO5yQO7CLLEZ0eti0EBOdfaA9xpYK8AbfbrkmQ=":{"valueMac":{"type":"Buffer","data":"TUxN8gAC4QNi/LA/juqRtoPuotA/NbKEofwJ3xK6TFQ="}},"htUK+DRXCMneUPfjUGJt7Znk9fjJasyumchJ8sE04JU=":{"valueMac":{"type":"Buffer","data":"ZrPjM7ijKKcLlhUxmZ0VGudgRyuX3ygpWQVeDb7BXkg="}},"ht2oU1//iVlNybtbATQ6knwU+3l6X5td+TsA4ufCMqs=":{"valueMac":{"type":"Buffer","data":"cl0DQZszIUF8+HxuuOAWJYDxj80TcZ3C8yWWtcDlCxI="}},"h65IdMicvtrvx9L0GTLdr/hBr0pvqwZr7NBWtjwcOjY=":{"valueMac":{"type":"Buffer","data":"OxQ2GDhQdtMDfOSDD5o1JdomL9LFJc0n01as6V4uRQI="}},"h+SEnDbb0scgukEEgenIYJVN8jn4OE0w4Kbp2Yt7ly8=":{"valueMac":{"type":"Buffer","data":"PvI/rRU8u+YcGmMp0dJgfGBBG37iMBnLG5hirvBthYs="}},"iE/e3YBheTPaLT9o2uvKhuweX9foro1O9klT2tAxVTI=":{"valueMac":{"type":"Buffer","data":"L9DNU3y24QBFYyxAWpOlw+USXc9DeiSfKdpIAakfEBU="}},"igFAWHIqT5dMBlGYbrOO1oQnMI7u1YwJavB7nKhnmjk=":{"valueMac":{"type":"Buffer","data":"VOEvCwAkM+mwQw4pejBg2Ph5FjkBYO1bMKs8zz+zUAE="}},"ikUHQ7Wt8TtjONYKUrpi7GFziKHs9l/euZue75Aj+tU=":{"valueMac":{"type":"Buffer","data":"1PIPMwg8vdzkpKIYSHewM3WP219BsZkH87I85RO53XI="}},"ivQKq2AOc8UytYHqYOY3b246aj/11Xz4kg/zXoOkFrk=":{"valueMac":{"type":"Buffer","data":"ix0irFNdRP/mhCzumEn14k5Y0nn3yHQO9zZPLNjs3HY="}},"iwixOWc+7uuQqq+ezbfbAviztIJM6V4Y1r4Jdb1wO1I=":{"valueMac":{"type":"Buffer","data":"UTCHr+DbGEj4l0TbDlYMq2LIicd0lku9UuxW2poaASA="}},"i6UMHV3al4RLacCvZWWZzFAaYuFrLkjC4XozBQbwoTk=":{"valueMac":{"type":"Buffer","data":"13DYiSRpjDiOqj+2qih8+8mrzCbsJzGOTSitU+/Hmig="}},"i7rETGqnTIOy2xAWKBN3CKYb+c80dMtDNiOGo1/jj+U=":{"valueMac":{"type":"Buffer","data":"IlX+wDs8+/lPEQOwzN31xaBQHLBIzZhQq+bxbcE1PCE="}},"jEmqhzrgyE+7xaUwLRDTKZmkkK55xHqF6I9Ur1ZoSTY=":{"valueMac":{"type":"Buffer","data":"YlyqSompjJ4pQ9PV1Up3oDrberxbBRs9QhTMgeUOqDY="}},"jKHZfIWx0ZJsq84XrHl8eYLsxiGEriCxRMvgIdN7EWg=":{"valueMac":{"type":"Buffer","data":"B3qcCTe/krjfcPTSb+IGewhDWBr9lbhJVeM64SyRlSE="}},"jL3rFdBKgSNR+8Iy3uA2Zmcj1cUk8XpsRJPwae2SuJM=":{"valueMac":{"type":"Buffer","data":"kcjyZVNHD/3yctoZhI0oDClmGr6P2D2Dx7I7qMGLUKY="}},"jh/D7k2o2km7c0VnVqFkK1lwY/JmyO3/V3MTKvLZRmM=":{"valueMac":{"type":"Buffer","data":"YnX7pE6i/EGiu23QbnTZ3d0ohjLUvyp6+ErwTPWKejc="}},"jjV/woYupc/QJfC/TJyamNLBsku26SxoFXSwS4c9uSI=":{"valueMac":{"type":"Buffer","data":"EQGBnzHYvT27Ac5iUxI2UbM2og593WJkHe4Pvxt3+Zo="}},"jl9AvAl0AZl/rsQgrRPmtVYdtm5CVDU4Xfvhsh5eAOw=":{"valueMac":{"type":"Buffer","data":"WVQAFHF2KxTT4bo3asge78kGRlRChCHOB51Qdstd5CI="}},"jsyPCkjLe8MQD5Q30slUSQBemsSZo4TecB962OIhoQ4=":{"valueMac":{"type":"Buffer","data":"W81+cQLD0EaA+ubkKHicq+q937RJ9sxWrLg1LjkJVl4="}},"jyDwHzi0H9snjwvgqzI95eo5icO65lqTFuAR/lm0nZA=":{"valueMac":{"type":"Buffer","data":"PsX7TCkiHCEPma08Txy4RGDgVz11pigOHueKqwgNBXU="}},"j0yAyySzM19a/yXUsf4CjGvFtmfW53TZ3X9WulSLRME=":{"valueMac":{"type":"Buffer","data":"v6NbNatkiNuB6Q7VH1i8Nah4lxl04VZihxrpvXqikfE="}},"j3s7+hnpKiPulbbLACnm2kOdSHDc/u5DrH0ZYWR5ryc=":{"valueMac":{"type":"Buffer","data":"0ObAsI0lAF6nhk+Shwbg9EdCBGZ1cihyji1aiDk+ffg="}},"j8gaLlDkXj5RFaxxflesKO2nyXbEOkvR3Vq+sKZthHs=":{"valueMac":{"type":"Buffer","data":"M/KLii96vxXsB05dJjX+tA5YkF7ji0y5ds22+hdA92c="}},"kAu4I8FUyWjjEFMx5u5OUHjwzfA28FDuG51z7NygIYk=":{"valueMac":{"type":"Buffer","data":"frL/HurNnErpGcv1XAReSK/JHFeC73K55OUDnhi7TTU="}},"kEqqplYDmBT2BOrBXzmYDFLzWWlXUV8zg/NPPcDCT+M=":{"valueMac":{"type":"Buffer","data":"ZGpDxkR6KFPeRf5xAy/NPo+74T/pQku5LC1LLXu1Khc="}},"kJ2I4LnzVQFVmI3vuCNMgpCfILFnjFP6XNPz1AKvKfo=":{"valueMac":{"type":"Buffer","data":"JqYSxVyOz668sthmi9AIGgqOSGb0UoaGYAkIf9NV5BE="}},"kPh62kP5VCcdZJzF+pxVn7R/+10gnNuCMtzePQrTsXw=":{"valueMac":{"type":"Buffer","data":"RTtmM5NAosfoNphZ0w+Um6wEhWXssdeIYo5jjQo03K0="}},"kQW/GNKdN6tGE6SQ9ERkGIEQcTGGzOmOJgEyEtTfJsk=":{"valueMac":{"type":"Buffer","data":"611tqi8htMHQzepNUUheChCc/U7z6jva5MLZGqEOklw="}},"kQ80R0LvDzvF3fYI030iYcDXSq/Bwosjr/N0G6QMT4c=":{"valueMac":{"type":"Buffer","data":"m6V1cEUMyR3kOeNduUSeCm1TWvhzfBmyKmIAmlHdLjs="}},"kVpW/wWO90I25hRcOA7Eddwp2+eCQM/Z+QRHq6rXOIg=":{"valueMac":{"type":"Buffer","data":"wXSzI+wJBXDPqGEC2+WuqV9rwsBypXsxBM3vt/VhHug="}},"kVursyM3PvoVdsSCU6BUYkeVXG6dStU+/Bd+SkQGQ9g=":{"valueMac":{"type":"Buffer","data":"GgOW/y/zBZS6uv4zA6yAzXBrsPV6dFRP+zcMSQj31dQ="}},"ke/+PgtIO03jbqlV4ke144z8LsE+9RbKer4KofzMtbA=":{"valueMac":{"type":"Buffer","data":"K/Vj1wkI8D2/nzAm9XNFiuDUwZJXb+lWLnt4rqYDXl0="}},"ksNZ6pTZH1aeaQHlqokp6XIdDcxgAqmyhbqPqO4A85w=":{"valueMac":{"type":"Buffer","data":"vFa1yyEWfW3QSWvUsPOwh/Mf/G6wX/i/5giPEqPfjtk="}},"ktmtiRGbNe660E5GODnS5/3h6bSwDpUpGYQZGkEMc9A=":{"valueMac":{"type":"Buffer","data":"AzA4wS/7dLmhY4bBF1yyLFr5ly2nrZcARXf8tsBCyp0="}},"kyaZIbYutrnccIBBk5cI/BGTnBii8j9qWBpTeJJZZGM=":{"valueMac":{"type":"Buffer","data":"qyRgWYjFLwbXILwIBjRqoAvK3b1wt12eszNCqFY1rgw="}},"k6BiODAJQt+4vDLlC+c+3sPbWqE41AAI7P2jzVM/5vA=":{"valueMac":{"type":"Buffer","data":"5HiU7CjnN3b9fz5lY8AOV9brqanadQKfrqCYfSJLjTE="}},"k7Re8MCcc/y1+sizk9pKQqLFrqs7AS1ok1yf9O21vjg=":{"valueMac":{"type":"Buffer","data":"l27uA2So2IzFvE/KEUd+2dqIV+neN/uDDcfrowhK4HM="}},"lEmeKYHwGFjBi4U9fH648BHGyLJ/gGlsbCwdBXeuD6Q=":{"valueMac":{"type":"Buffer","data":"PYakA4xWuVdEEN2lx0W/97lPg5/xP/dlXV/WvRswgn0="}},"lRXkQWLbN1OlpJ4MnWRTfXjxCq+ZYRGORlroot9108E=":{"valueMac":{"type":"Buffer","data":"xiCIUpLZnhZCrvPhwmZ7fZOyHsoCoN/Cd+fl6JJXbsA="}},"lW79N2260/MQ1AwlorAYRd6yJVBfglpbltwzs3BhFmA=":{"valueMac":{"type":"Buffer","data":"fppJdY+4/Upco9EJ+ejOagqmIjFGhOxkNnx14oL5JgE="}},"lc9sdmMeXh9FrwYqfUNZb20zYedt1v2Lqir1+ZjyboM=":{"valueMac":{"type":"Buffer","data":"4fBcxAv+G23OoMI9jG+SyiyPSz6oZEsnuaUo+OQiy9Q="}},"lhKVrJ1KHeFurLfaxEqgQ0VAxzmgvc+Mgm6X4h4SL+4=":{"valueMac":{"type":"Buffer","data":"tVBN90DSl1ijj/fVosJOmSsg85HIjV2ga5YdhS2DMYo="}},"liQxXEa6CpixKmNcoNB4N65PLtwGtGa7BDucSLqh7h8=":{"valueMac":{"type":"Buffer","data":"unfoKnXx03DqnMA+P0tMp8cGTaQRnnEdUbIXvvtwH8Y="}},"lpz0ZeMWSI3Mzl+VTB3K00IQl7AEeNvkaZVxroEcdYc=":{"valueMac":{"type":"Buffer","data":"bIJRxOyXQYolfzrO5+8+YI0XBn45wJPM6LtcP2pqvf0="}},"lqfD0b041J+ZsKns8Xgbp/BgP7w5dw6cg1O9yx0rLDk=":{"valueMac":{"type":"Buffer","data":"sbcUT0Y+bbMYifqQbmlnC6eQfDy785HV28kwOKq6cXM="}},"lvrsBgsZnIeW6xGXdHWG9nmRZ4sOzwTf0LxbVodnd/A=":{"valueMac":{"type":"Buffer","data":"0AC0mRHOhYD+zwYd2c5Ek2PDuA3sZSp9IfdC3ckVsyY="}},"lxsVUhmT0eWR4be1tHsjIzPZKhTDy95G/2aKpFWyblE=":{"valueMac":{"type":"Buffer","data":"lITV4AeafeXDpJ+P1zpDKd8wrGGq1ceMDLM4Jl9OPZ0="}},"l9omvAWhG63MpiEW5r65gJdwKWUJrIhG743+gFLpGJM=":{"valueMac":{"type":"Buffer","data":"UksUQIxW9DICWxtqmgTZn0r1gVW6t75JJFQSClP1ktY="}},"l/4UXtvkfmDMslBv4N7hDBWSpVglrWtwtCtz3fPUqHs=":{"valueMac":{"type":"Buffer","data":"nsl7Ffy39OntGkFDejJVbKZq1Drn3kfOwNYCC//7puc="}},"mADO0gGByQ2Hqu9NoP3UtHFPw6GqiD6yDTtGi8NReaQ=":{"valueMac":{"type":"Buffer","data":"YYYD0YUUhhrAF9g8yzEH0NEaVaxeBM2EhJh8PlOouPo="}},"mWXJSF2WL6JpFs5A2POvaMq1yf06JQWLUnX1XD/hFrk=":{"valueMac":{"type":"Buffer","data":"yD9dyZeHOR14xuWk5RjMo2naRkb8163boy1UJxL7j64="}},"mXaUYW8yUxvPEIuHF0ug1p0lxKUxo9IKqggWfnuhb2c=":{"valueMac":{"type":"Buffer","data":"k5ORu1fW5wyLdnlAWDmiH9+/ynVSQ1ff7u4u0JLRKos="}},"madtvgYEjvdlYvHvkGV7AeRI0AsjTDsfNoQmx7st3kc=":{"valueMac":{"type":"Buffer","data":"aJ1N9iRFXUFZP9F8jHDB4IZkzWbTVOnZsBVxX7DIT/Y="}},"mhbKFwWzYG5Ys/XsG3DlpzxRzmipp0JJlHKLr+PHVZs=":{"valueMac":{"type":"Buffer","data":"CKtbwhFgBvdV+XHO2VAQ4yZOAJ6wvny8UL0FNs+AGUk="}},"mz3YZa/VLWSuWV8GPVvZAFax/+McWXIzrMAbRIZ+U78=":{"valueMac":{"type":"Buffer","data":"5JG0WaAiPONcxtOMiWjSBPqwDzCGKC7QfQxm+BSSgvo="}},"m180teIX816VrZXC1F4NsDMebV8tBfm9SmHvn2uJ3tk=":{"valueMac":{"type":"Buffer","data":"Xx+Wb+fN7ECztpoBKCk8CHqyh1vlL7MKNgOUlL1To4A="}},"nIxvEA81sDNfrWm2THtOxB/UWwh9tShJloRghYGJ0zc=":{"valueMac":{"type":"Buffer","data":"ZtXUiR664ZNfBnWuNBSTiobUCsNY39qfDkzSiZaN1Jk="}},"nLWVQ9gBmNjx2eou/piu79cM2vOvTt3GdRE7YozvA0s=":{"valueMac":{"type":"Buffer","data":"vuOLyxSjVSlYmhRccQQCP9NL7U3fuK5LahPmW8/eps8="}},"nLaQt7G4OkgFDP1tmjNar9cBpsOuIOrLjnCgU80fAnk=":{"valueMac":{"type":"Buffer","data":"UUwojSa4gB6UMYfpg2LIoG65vUYvotlitJOHThZZA28="}},"nV9dkO7cJlJuUEEDjRtb9ij33qSZGaDrGAjVjRjC3bg=":{"valueMac":{"type":"Buffer","data":"SozG3HFgP6Nsl+3V+adN1muFvkpH4Y+aBWDF/JDIqjc="}},"n0xPKmqpypVftoWkFj01wMxe/nO+VHR7BnjHJtBhhN4=":{"valueMac":{"type":"Buffer","data":"rSk3KwPz69nBfwKcbE5YyAdKug92pOWFp+UC0nsnTwA="}},"n6k4EqEFFMfZH+ViwWN34IJ92ToxwB/b75Dm/sKxcf0=":{"valueMac":{"type":"Buffer","data":"u9WV/M/tS8Ciqhg3na9W9n7Wl5XhJnU0aVcdEIX8fc8="}},"n8VG0Y23FBJSJLJHGuNEyAOCALNSDzQm15+B9PLLpgk=":{"valueMac":{"type":"Buffer","data":"ysEaVnUo9zEdfofyiNrI1X6rfRz1c56Ourt5efFqeQo="}},"oClYyzpKgQ9e9E3QtJe577k2BtigzIG9vk6/D37Txl4=":{"valueMac":{"type":"Buffer","data":"X/A/KbAT+rTtiWA8jNHpyv+ong9ncwzBTZTCVe5DwTU="}},"oFc630JHKE/C+5498fTe0YFAwFy2n6b0swuB9YRsfpI=":{"valueMac":{"type":"Buffer","data":"+R24KJu6EzJ0MbitM+2a7sMoh335185hfwEj9w5RV/8="}},"ooOUMiV8tISneZaiaf1FEQBWWyPb7mOgXjJIQSqV2UQ=":{"valueMac":{"type":"Buffer","data":"EURujzRYCNI5Kp19P4JX2SWT1xbYIsraZFfzgDYLlIA="}},"o5CUaUAFSX/1yqe1SY+ofG+wPtkcqNo+SC/qixKprtA=":{"valueMac":{"type":"Buffer","data":"ftM6nFyJeCi3bdiZOfpqOZdCpJFP0XeNr/aiZT4Y4cs="}},"o+xzEiam4ORliRJ5CdRBQD3IObPZa2HoasUc94X3apA=":{"valueMac":{"type":"Buffer","data":"QxEP4uWAQuLi26ugb+xfZMWCpB+SJay0ml6gCnhCu40="}},"o/7qwJ02TUnPP8brKPPnK4fw0L0PelXhavGkHdEpoB4=":{"valueMac":{"type":"Buffer","data":"yuDmqq1uvK3VxL8KYJM4N33wcIgO6xm3SVSXF9s8wr4="}},"pDrPl1jp+1jgP7PrzVpxSk0ArKJpWkt0i5VJCTR6vGI=":{"valueMac":{"type":"Buffer","data":"f2Cft8AL/SAnqoqY4+LAhvg/vULIa9qRyyjNNdjSkTQ="}},"pGSyWPzNNctZXynK52y3qiQyKdlv34aHzzt54BVntOk=":{"valueMac":{"type":"Buffer","data":"9YmjlgjNYBsqlj9eI42A0V9EcEa1P5aBiPzG6pZ8OvI="}},"pJmV3dzWHXo3sGT/hH+8CQh00MsvGrpj+l5KWJPGBY0=":{"valueMac":{"type":"Buffer","data":"+DhiDcTjlatCf8eukhLMfr0f47UjVWHFzwgkFjn/ct4="}},"pRGP/jv01KE0leV8yWIjz3LoSdaK0RyT9uOoYMNH1QQ=":{"valueMac":{"type":"Buffer","data":"KpzyN0k0N9vR22pKul4JE+/32vKlOeqVzzsKOf2NKvQ="}},"pWIkNS/jaF2EWUPIZ8+K88Sc7yUyluAEI8HPNFbYlwg=":{"valueMac":{"type":"Buffer","data":"ksbB+fqlVjr0WYgxb+o1JTFtb7LQ9h0POoQLxBjJ1dc="}},"pZTOCSU3wtRKjR/UnE1GcoV/OeueBp/ToJi48pmNBfA=":{"valueMac":{"type":"Buffer","data":"dDuqmuXJoBFfWwoux7ihTdoY0HMS8Q4lKFqR5ldD+5I="}},"pjqOpjEOFh+Q8ZTYLj7ojLMpzFNuF+sHDo+wkEnXk9c=":{"valueMac":{"type":"Buffer","data":"B9O0MX714kcqjx+7PyCCgv5fZYGSPRzmL0OQeVPzaY0="}},"pjvViewJ6l7FpMnTeHSjRC9VXaeRF1QyIjW3A7R9HOc=":{"valueMac":{"type":"Buffer","data":"cC4/tM6bEtaJ5vQz1Q00PeNOfcvu40WVVgDf4pDO580="}},"pnjULeCgQklqbiPeZ7s/pzDwmi2VZb/gvm1QHg3gEA8=":{"valueMac":{"type":"Buffer","data":"qq0tl4BlK5yqyawobPaZ5QGznghZswEQgyJUd8dQgk4="}},"ppB33vvKoD4Ima5D4jFBnqziKhYZ4B/OkLqSMJm8nOE=":{"valueMac":{"type":"Buffer","data":"BPRo8wIV5y6DRYtzUM0xxeOjKd54HrNwHd4NTq/q4S0="}},"p1CpWeIREdx374ehHlS/YQssxgw3tIxyrZbUN1spfIg=":{"valueMac":{"type":"Buffer","data":"e1BgzJDasv4G7vc0EgfEGZCfznm3FTVhwNbL3mcOUVQ="}},"qBMOs50m5T6u72pwPJGjY6bbPQI+GVri9n8MawcI6nE=":{"valueMac":{"type":"Buffer","data":"6P7NBlNQB2g79NvHumwfv0+zIhBR0gtNvQrIRvTXsCY="}},"qHHtFwGrTLgnMMlmxXI2atV7B+a9QwPIrS1O8ay1Oj8=":{"valueMac":{"type":"Buffer","data":"4/aCc6umZhont5X4NxfFNC9AYPDXhE+6liRmcghB2GM="}},"qKGUGzpY8l5IBLiWXK7kYRQvqsQrU73MPff1fGgEUUw=":{"valueMac":{"type":"Buffer","data":"rKRhj/Spy83fRFQbGkImznzvO1hft5ErKm95uS9vlVg="}},"qP5sv840a2PxBZIeUbfDJwy52KsWUC8Y3x4A47SflcM=":{"valueMac":{"type":"Buffer","data":"YIBRXsuFw7rvaSUllvaNSZySiFSl9XLyV1FpGV7L6qI="}},"qQU//b65zDyzFyDPuzD9LGCI1Dj+FhWBl1vdf11o1W4=":{"valueMac":{"type":"Buffer","data":"5kiakO/w0y/21P9rOBhQtxpm33uLvmb3AE0AlAkBr9g="}},"qTe8jY5ElbEXuP65UJsSGpVmEiiKZ5BKIKTwswOQ+TA=":{"valueMac":{"type":"Buffer","data":"yle+JnsdSggVQjcbM7tAdgI7yi8ejIo1iNe+q+NI7qk="}},"qm/R6Msx8SB1lRdbdsoaN0i1elvup2Fix/tlaRLTR6M=":{"valueMac":{"type":"Buffer","data":"MZK1PqinTsflxT3vgMuJuApxgVZRAN2uJaFrIgvJ5g0="}},"qnCPfHvySuO6oOY9IZsoa2ohMP/+To7JHBNlftTfmEA=":{"valueMac":{"type":"Buffer","data":"4Dq617CFa5iBFmSbVcds6n+x7Q3GGkkSRl/aO9mGQhk="}},"qsTzU1uHzpPt8wMJqU4pnUiUhvdf3DkOc7tPVBlfur0=":{"valueMac":{"type":"Buffer","data":"QLslWlK/9gJR7TwegrW2vX2n25jI92IAXUiWYeFqVKQ="}},"q7s0/dKU1z0wMo6AgF9LAD/z89zKGXlHHKnp+lRWZ1Y=":{"valueMac":{"type":"Buffer","data":"Qs0IAdyNxkFtLlOkPUjwv7bPPFg2LCeRiGxLbmHTkBU="}},"rLcvDrSajMLcX13jD23s322mrEhBHSaGPIq2OC/RsjY=":{"valueMac":{"type":"Buffer","data":"SolQOCfMvxiTel13Dd9IrcpmGzpyudyjcoFAniVr+Bg="}},"rbssur/YSy/ZezwquNvR0k3Os3otSU+55Yo4hjW6aHo=":{"valueMac":{"type":"Buffer","data":"bc5h/FLlIyztMSoJXr/Ueqt9fZeYncMo7/8Dz3a9IVU="}},"rfdrkxZn5wptd6zqLTGckjknz8SFHseHuYlTH2ueSg8=":{"valueMac":{"type":"Buffer","data":"mYdqBeL/E+dDWySXBWIHHAwK89KbOn0JaJML+VuKIdk="}},"riO1xni0BPSPVEaFso3T8e/V6mAsev58ka3Bv6IvD4Y=":{"valueMac":{"type":"Buffer","data":"FEzDAQrz4XvZUqqHFD0MzPvH9kIjbq4hcnb5WmHYjZs="}},"rt1KenFCl4b/zcOLFi6Lhk73dILSGnfqLFJ/ACWAWV0=":{"valueMac":{"type":"Buffer","data":"RZ4rw/+2+4WUjLDif+Hmf2Cyi+y4JrcLsvC7KVcVkmc="}},"ryYI3qQEGKKcMzrDTbZ/8Ta9WacOJb5No6/wWLVjHnI=":{"valueMac":{"type":"Buffer","data":"S0f1fSCfp3hIdC6bPpn9Q+8PYYH883TqtVbdd/MGfHE="}},"ry/0O6TZ1KCUVUztCrDaq73jkolnj6g7c80IvK7lYTg=":{"valueMac":{"type":"Buffer","data":"dYQoe6VUHLZ4eLdrGUBgdEmoayPKEsYQCIDQRvTWXGM="}},"rz3dxWcRQv7+Xqkg3pl2D3oZSffoa7eUqBBtYRte9hg=":{"valueMac":{"type":"Buffer","data":"F2IpiMvrUQc8Zfv9jfoUQnH0gCqWgTrJjMwsgoO3+A0="}},"r3cl6J5DMopgBT6n5e4M2gKVf0fTLIoQYjOtFZ5bBeE=":{"valueMac":{"type":"Buffer","data":"uNIONIlo8I7/8lqkMqI6qMsX+KXYDLgF+gGigTWSbzo="}},"r3p3gmAulo9Qud00GyUJOVuACekO0r7prxwN8Jkx65o=":{"valueMac":{"type":"Buffer","data":"Xc7spEImsT7IIRYu8Bjn+5EA8yDptVWVFNjOLoaHKVs="}},"r+XdyDXniFNr76aSL9cloVTaMcLjS5FJKPnY1CiJs30=":{"valueMac":{"type":"Buffer","data":"36EuzoNSYgLFrO64arN9F3tdmAlAhDxM93OnpV0q6dY="}},"r/nDjD5yqybfg7xjCNXinOafvJ9KcRm3f/NtJyfUiQU=":{"valueMac":{"type":"Buffer","data":"w0jNZAWae1Vvjh4S/q3G0kiugSAz9A/zRPcFU+gLIOI="}},"sJh4FB/y1zFtWfJYhYsesdtmLtzx+rcKUwApPLLXqHU=":{"valueMac":{"type":"Buffer","data":"9nVIPYKGGTndCJACxQnDWYC+Rww+rzGLW8nsNGuZNZw="}},"sRdut+GOvs9NQ27Q4iiK956ZH7+w8MM/NdaBc5SUvyA=":{"valueMac":{"type":"Buffer","data":"Vl/Pp3BYaALAQMyve2Y4Vjn3+g5ZQW4UFnu5jj7q/ds="}},"sZ88gQSCZzqgGT5luSN3SvKZncCW7Sv0tNAlwZRfhpg=":{"valueMac":{"type":"Buffer","data":"5KCesJIsRQFkJZsk3p5NvrHohuV5ZpLvXt4Shx5DNJ0="}},"spjwbjc+6+wcWCK8gssPIBHEa+GaQdFOf1K0U6zS+is=":{"valueMac":{"type":"Buffer","data":"0sYYjqKPGT6wN+dJl/+bqYXab8ak5AXpIqWZHG229KE="}},"svBJw4m4TVz0GBipeoouZvfRYOf3jr7Cv2lxVOEkWMY=":{"valueMac":{"type":"Buffer","data":"KWp5v+uCu4T/97nA/XPbmmWTjhx0DbsI1jNAUhCREYU="}},"s6lNZ9ikK7BrWwILHjz7XcuP2gjQZj9DHzPI7gs90U4=":{"valueMac":{"type":"Buffer","data":"8wbsK6NoV/D25QsjVaXJjJ55OlgncRU2UpjQcbOO2Qk="}},"tLiCPFDowhDw28CBZ+3cT8mnj7NvfcW26fqOPDaKhk4=":{"valueMac":{"type":"Buffer","data":"hE3nHQSoKUrIj9xZgGm9+DvFW6v21O4XvsydGx1/xNA="}},"tVo4Gb9oXMzwAXdUxqwe9GvLI5cASUnp6F+2iK3PU5s=":{"valueMac":{"type":"Buffer","data":"vKsMzN7IPosIkK0cxyFveJkFwBwpSNNjTamK0DwsPVI="}},"tboVTPN/PQmHgdMmJSCZ2Ui+LtbOuBy7+w19ju5wakQ=":{"valueMac":{"type":"Buffer","data":"JZuJzh6wUiIUcMwe/vJUQ1yYPe3n5B22P3CntL1Wbu0="}},"tjyfxDGVBLP+UocGLDJ7eB1RIqQ/8AjmWrH8zVdxdSc=":{"valueMac":{"type":"Buffer","data":"thSJtOoEBLzbxKIGhOc08cswnRSuIHA3+Ba2kYf3kvE="}},"tsRPrYrUTqaybsiPdzPC3/5O7L04Pp875HoObEorJUk=":{"valueMac":{"type":"Buffer","data":"EURVXGG76PQC/LRwevKKkvhFchwZ8fSb6sew/zzaiZY="}},"t1wQpmLEdBeu+4Ea2jekFDM0akjx1eDa+5wOuc14mC8=":{"valueMac":{"type":"Buffer","data":"gDCDsbuNZkTGrD6VQw9OBbEttXS9UcpaK4CxhPo6v54="}},"t56GpywQpWjTGVntLYXeIJ+O8oMkt8dFrQVoUOEuoRQ=":{"valueMac":{"type":"Buffer","data":"ayMJuhxDBX2znQa9OYYhX/qWmNV3OL39ehYmEDM5sjw="}},"uAzMRJpVJqiAnHwmlyWVgchXIO4LeubdhSW+GsXp/ag=":{"valueMac":{"type":"Buffer","data":"FSuukuCi1eZf5PfI9FI11Xw+9vddfWAHO9wHPmXH4Io="}},"uDPI7whKovpuSdNGAHkDPjIkRpNJXOVqxHR4QO/jr1c=":{"valueMac":{"type":"Buffer","data":"QAJ49klE4cLgMKYH448JGl2RtJRls7M3V4wsj0owyvk="}},"uJWxmhbNdq5L/PgiA4exrEeMb1wac1EkXEixi8ztTUI=":{"valueMac":{"type":"Buffer","data":"IXkAGo3hQ5If/I9zHr/Cq0ZX6smZDcSCxPIiefWYGQs="}},"uQfre5VykMU0NNw/pS95Ln/tHMEVmUgyK5wUHaWSld8=":{"valueMac":{"type":"Buffer","data":"yy2Crop0KDQMOp8pHhpTyyR0Ln78eY2XlqHkeecXhjA="}},"uWTZVOzkKWY4FLLsu/0KB4AGrc4l7v3rGzO6i6A590A=":{"valueMac":{"type":"Buffer","data":"e4LyzzFrv3IqK0WPxi7FhEh4EkJwPgaZAQE3NrDZdbQ="}},"ukGbLy3bM8g6QUOqSQh2QQaI3en6SifqwEBoCRd46zM=":{"valueMac":{"type":"Buffer","data":"vxXVlL1YK89EKy8+nonDxNDJvgRPUjyAI3/0HYCjwh0="}},"ul7sCmGob0tK/ijbw1R4b8YrJg3Jsof+76AYOxLxTWg=":{"valueMac":{"type":"Buffer","data":"YHGwigpqDFO+afAAjpTjjUt/7Vmdb+zOlQU2mXsCTyU="}},"uv0FAOHjMp1gOrJIb4CSDHnm4FEtmspt1rVCi4bmUPU=":{"valueMac":{"type":"Buffer","data":"Y5em33E1Ou45PC59h+jLppSprIvG0BS4QizsyudXdxY="}},"u1zaWNMMU1ZCPh4cqlHu63KUJzpTH1wORECYVc6KGlI=":{"valueMac":{"type":"Buffer","data":"IFjk/Sn8p9Ebxlzq2lOkdlXqoITnb5hqUC97LQgHDoE="}},"u6lJSxrTQfWR2QVPdTtF9htF06RrQFdzDUaXUbpo1S8=":{"valueMac":{"type":"Buffer","data":"PoRW9zd8IlM3iQilyqRc/iwc2Z+YJfONhUx9KTibdDk="}},"vWZbOthe3eW3clNh14qm4RjWzTtilifDE/vzDtirAA0=":{"valueMac":{"type":"Buffer","data":"QoHChSAw92mgmjt2ujrojYd5KW78mDii/c9tUfd7Ktg="}},"vdKKMMq9DYruWVmBR+9Po2OSPfKzDO0dcwxGGcDvz2M=":{"valueMac":{"type":"Buffer","data":"zwPH/nsEZf/KqZI+KkYzdzBQ9e9sy+CelhOy5/KIpAI="}},"vgYh7t+ia0jTq2gSZdK62pWwZrK8xmp6xO06jZvJy44=":{"valueMac":{"type":"Buffer","data":"P08F4C0LPGR7zBu1bav5ZnNVjavBJ3WqGZ/8twplia4="}},"vmWOLd8VHARLb9I3AnDQUvCvNFHALziB1Za6ntY2ACc=":{"valueMac":{"type":"Buffer","data":"J8eOi+Nbk9soqoJch4UMaDR4qoPMSaiXZahqYuGmxG4="}},"voQefybUHqzTyxT6fo52uF2wr5d6OXsU8gMngb5PLbE=":{"valueMac":{"type":"Buffer","data":"h0Hq3B6HtEKTzVDpZBn2lw4545yDR8ol5SZMO9fq9hs="}},"vwBIsMSMdvlmjB7ZVPpCaT0s2f7JSneI7iokGL2droc=":{"valueMac":{"type":"Buffer","data":"xcC87vIPA8eWoB4St180QKRv/pq9J/mGWViPhbjjK4A="}},"v49ynvHAQOiGF3Je5yljFd5wsB+MJOEFuK1+EN1cKsk=":{"valueMac":{"type":"Buffer","data":"Y1tOGere3Xpqqda+8Um5GcXrWHcXmI4euqSFE/LF6F0="}},"v//Qs4dKaavzSlBMGVEl/AIImcM2Yo0RAIGALMRK/Vw=":{"valueMac":{"type":"Buffer","data":"WPny69GhTJ/ngbHObHGDRc/mQ69x4oXQ35ahKMx+MQI="}},"wVUhI9wFJbwPNhzKZn3opi84PXogESqzIKyUp1AAH6I=":{"valueMac":{"type":"Buffer","data":"KrmRIrOki5fWRUiSuQX8XDTMVtG/Kt2GNAAA429c42w="}},"wYFX48fcy+hg/cOXGpMGZxir2XHEdk4IwSG1QmW7DLU=":{"valueMac":{"type":"Buffer","data":"lVzB1lezzvFNqEjJ5rJ46eDz6a39ztp3DSU2cAkzInw="}},"wiTKmdVrAm1JmE9kmQdaiT2KyV1xWOKlBm/9pFNmUlU=":{"valueMac":{"type":"Buffer","data":"6LFchLOR73sat6kLSwDY+ojV0AmTDdAwVXPcIdBpPx0="}},"wmCsgr1oBoZGaPrSjlUBAk6j5UwlilWqNqFkt8Rf6bo=":{"valueMac":{"type":"Buffer","data":"53TE59FiXqdtKd0IGy8Xb7XnB3HP0iAhl+arzpoXpcA="}},"wuPJTh5e8jowm/qAWDtlD3884YtaH1ht+qUkPy2ReC4=":{"valueMac":{"type":"Buffer","data":"66V/eexgiA8SisvyAgZZrWEzGEPw3r974FZPtCnVZ+k="}},"w51d9OF3UEAwcDYewGhmk4HX0A7xqo4y6OCmnk03PFs=":{"valueMac":{"type":"Buffer","data":"wOImYbbwoQDjsuU74MI02HLPvAUMA3bSejQ6FGeCRcE="}},"w+jLtr1wUITmDX1Ob0s416iNciGVbXM8sNqjl3knOYY=":{"valueMac":{"type":"Buffer","data":"tBTneLI7R6v2PqAlXFYPs7LstcyouOOYew79pAs1vAQ="}},"xAr76gI+b+qbHy8CTy2zZQX8JOg6VpsjE15GS4RgDIg=":{"valueMac":{"type":"Buffer","data":"jCh/XG2iHFQpyfJurtCH/UnxaqXOgKXnjBate800avA="}},"xTIQn9ubTwjubYIAm8XCxsuDZxkhyctbsWGAmv9j8ns=":{"valueMac":{"type":"Buffer","data":"MPuX7q6FzUUOHWonaNf6BuQF7dBAV2ErJA41Dp2Pvds="}},"xZeQhUDCnJ1opoGE+YW/LfGm+jZOAaI0f35vQRRrLn8=":{"valueMac":{"type":"Buffer","data":"2HoNPc+TgsU8zIa5lstlKMPoKZ4C8uzPTiusCDf/ucY="}},"xf8L4m2l40cMlSczQo2lX1xh8H2aG8gfJ6/x7hsUjDw=":{"valueMac":{"type":"Buffer","data":"x0mfilLcHVciobiJcDNBx+jMtrLJ12Yu2q/hlCntsRQ="}},"yBThh8JAHGpIHNKkBMIcoONUvf1u7UMBPTnBpBrZxpY=":{"valueMac":{"type":"Buffer","data":"PTktL+GMCP2dcXOEYhVTD9s7c5Zg6UXIMHJmvojnLqo="}},"yHHG3EMTe1XHYKItRCebNUUuQOgERHUDFPc6Togsij4=":{"valueMac":{"type":"Buffer","data":"DGvnl4wy8jGXj9Ye+Dik3cbH32SxOtWGNoKWNRTLBTI="}},"yL2kbGyA0GPE4Whcg85nWdqk6mdkkwR1LITvu0pCADE=":{"valueMac":{"type":"Buffer","data":"IJB/LGrWcZWjBYgXUcyDmvReQTLGFbYr05NIRZV5tU8="}},"yUCizWn8u08wS7dqJ+3APrrWnak3AvhGyKCgbBrpHXg=":{"valueMac":{"type":"Buffer","data":"kSAXAx7bcNAfPJS5C5C/fzkUdoR1WDFguQKiyUkbxhQ="}},"yVIJn4mabP1diBxoYBoqcuYQ6TSnhLZrqeNyz63pXWo=":{"valueMac":{"type":"Buffer","data":"ozuDJYSzxc6TpQRHMUVFW9SVgCRgkh3Ed71Iy5OSLKM="}},"ylaFlxDYeoMIva4ZHHcAXHriMShOuVigKm6HBSrTvXs=":{"valueMac":{"type":"Buffer","data":"OHXJVJw9fYoNmaBxM1w54kss4ggRGK3IpvEv1OcYWG0="}},"ymTpfuY+55oTMQChI49OhjVB0habuPm9vyJk/t63xAQ=":{"valueMac":{"type":"Buffer","data":"RRGFVOKg9ENkJNNZKwP/AGF+q/DpEbKUQWmV50i5E3M="}},"ypARUM0qs3saQFj6Zhpdb70Gc9Ybe7BGjRg1rdJg1Ww=":{"valueMac":{"type":"Buffer","data":"Ci/rXTfgfl/mu0JvKLHcfhg85dC0wqQqJkfozBPIyJY="}},"ytCGe0FjlnhE2aAqUlBPsGyG6Ec44ML6XpwITbUlK98=":{"valueMac":{"type":"Buffer","data":"c3lNy8PCE5Jo9ZPLLxyRZiyufYSSjJpoU54JXR8Mkks="}},"yty4+QIC8VMHWUK/lbyjUTVj21Z0i9zgZiXXuBZcJ40=":{"valueMac":{"type":"Buffer","data":"OzMjB4rDU/tOgmjFX4nXgxcXAYM5x0bAcn5h/KrrbEI="}},"yuhxCGYjHoEnmM0k38HK8u2Ue7qjp6ayGJqF8aI1DPQ=":{"valueMac":{"type":"Buffer","data":"cc5vNsOuKa9ds4Bo0Mf2EzUlo4eKd1yppywJ/2mpiaM="}},"yxeNAeDYwz1DMWgTSX/nNdFo06kJ0bb3aqu6F7rMT90=":{"valueMac":{"type":"Buffer","data":"vC7PtZCkgEWENIOdKp7R+4H2j2n3DvVJ7vPHoKW5EBw="}},"y/WMzaSyotm47AY22dS3i1c8Cjbhh9L5b1lsx0sC1MA=":{"valueMac":{"type":"Buffer","data":"rCePwPVtFsI0UM58at8HqmLyMUThspH01ocR3IhGXPg="}},"zGqEV7jOJHmdwxcwYNYC3VyBJc3x33e1ta/EiAGJl9M=":{"valueMac":{"type":"Buffer","data":"Kgf4jFdmZZbkDUeC9NmZLrlzt8GoF9NdRBR6MpXkyZk="}},"zOK+W37n5v0PelN/pXOEFznwsblfOWZqMdwvW9+iph8=":{"valueMac":{"type":"Buffer","data":"GB5aCdHXs3yrksqucGdjy67zsvUUpriWpQEDp75hHgU="}},"zQeMkB4M575ZoOuErS621N5cy1pyEnPstU9Zxtg7MGk=":{"valueMac":{"type":"Buffer","data":"5uTuoWvXuthy61mSinD5ZpGro1DFSXCfVN0cQQM+Ry0="}},"zdf65nYBgzNUZ7wrDJBAzi6CGanaaVXBmBGfpJgBA5g=":{"valueMac":{"type":"Buffer","data":"QQUAWarUiV9vvzqJBIcjyuNPZlbsUx3BbidKGSnk/u4="}},"zd7iLsw9897PvLgkvW38LpHm9iBsfghUfeVle4JVoYQ=":{"valueMac":{"type":"Buffer","data":"kX7YGckBoKxD7qBTFBBfr2OvGq5Oh3cPH47XYsNlPXE="}},"zfz2s/G28JkqUhQIX/iRt38c11Ym+rbBeEJEDml2y1w=":{"valueMac":{"type":"Buffer","data":"cfCE8d+l2aRzqmaCnCOug68BJ3o1JzErfwjagPeYfFc="}},"zwN42Cq7rDlYjeJwUUoVdkKjLHXlK3EEMFbopHY2tTc=":{"valueMac":{"type":"Buffer","data":"2X7yJZOLo42S8v2aSBgYBk/UlJiqwoGzzb/MUzZS1fc="}},"zy6fOaHTdNbgJ0RyLvzJ8dkse9Z9IbS2Lb201Xrr73I=":{"valueMac":{"type":"Buffer","data":"7j9WfUgVM+U2Ik+Hexed9uBwG/Y7PL3pjlcWekVZpCU="}},"z2IdJPvlJIyVkILs75S2jzFriUvN/DGqYgd+0UATSRc=":{"valueMac":{"type":"Buffer","data":"dWFE1M+tDD8V2e7LnT95SrzY/fd45WF373G7XTjziQE="}},"z9q+IecRydhz1aQb3hpxRJ1rr71Uipi1eMrNwQNyNEo=":{"valueMac":{"type":"Buffer","data":"wwFrb7fNU4cG5idNhQkOI8YHvnbq+na5E+12N7AE3gU="}},"z/TkUSkiVqYgHdJAfiUr2cCOzR3v0/Zjda5k4aqdLKc=":{"valueMac":{"type":"Buffer","data":"kqcAsitNPd7jajiAJqPhTPGovLhPat/kt1xhmGDnShs="}},"0AfoRwLV8q3yqKCuFzbxSxEhNrBTp2lUBnFHQubAqMI=":{"valueMac":{"type":"Buffer","data":"dFoRxpe+jh7EY3iMeBSLtREj6fO3dFxdHYgpURpwfiQ="}},"0CyubYU/AhCxSw/hgkhMaJJxNQ9oLF8XC7o/VOtCME0=":{"valueMac":{"type":"Buffer","data":"DUlNq/wnWPj7sjUPZdfWW42M5YYWdj5DX3mye+qvOWQ="}},"0Ez9K7Uw4DQ4X1PdnoM7IdDWol0QK8K1KOtG1x6fKEM=":{"valueMac":{"type":"Buffer","data":"vKz2E1Yz3a8x8kcd6V4t033U8lEnEDzKjCnnfw8wo/Q="}},"0GsfjDqOtlse9kIKagJtV0dCfkihSl/b7uAQlh1SbHY=":{"valueMac":{"type":"Buffer","data":"kdOwj0yWfpfiQc9OA2ZXRBWvGhUUTb9hdRmjxGMosOM="}},"0IZo3b3hbA7NQvnDUX51CtK/yTG7XsBtPIkK/ErZYco=":{"valueMac":{"type":"Buffer","data":"lFBDd+mQ1ZrAJW2zvgab8d6O9j+vlab7omRsZNa4Hjw="}},"0NSdmr/HArETCcwfjUHyAYGItd1X3qkAcmrUPY4c1Rs=":{"valueMac":{"type":"Buffer","data":"fBiqSjyBp11v922DUIDHFHs61tCJAH7EA7l2bNsLA2U="}},"0N7eZ5GXWuOJqbMk+zHVCzIQ8fihNIGXp3CC99tkJ8g=":{"valueMac":{"type":"Buffer","data":"2isxGxi9KRN9Ns0c5NeDztnnqmlgCs3w08bD6iFwC5Q="}},"0vq/Rh/wj90QQyIyWHh2GWtqDcpv/Euss+6xoQm0ciA=":{"valueMac":{"type":"Buffer","data":"/Jn5F0NnNLU82C9CK207QLqrSwaA1t2LmAqzbyDhFZU="}},"0wEJwDT9BLqz7Oo7uxWg8jzHqV/FX/4JHwYiR12kBR4=":{"valueMac":{"type":"Buffer","data":"ZluK0WtjSZ51A8taua4l4KFIdbB8AzSA7xPoabkz6UA="}},"01z1T7rU5urhHT2asGQI7pYNO+23LwPqY6jn5FFsVWg=":{"valueMac":{"type":"Buffer","data":"gzbF/+kHVbRCXpVBZTqpHzJnmYhsl4MizSOj15wSwG8="}},"1F79Tf8B8pv22D9TJVm4wQpd5ywolCl9HCuL59ReAYM=":{"valueMac":{"type":"Buffer","data":"mS+835HAhoXKHH750hsUZhhd2iEmM6Myv0qpWcKRYCc="}},"1LqPi7kK4F7QR36Wn04Ri8l3JK1U1cd93XVrVp/ug2o=":{"valueMac":{"type":"Buffer","data":"Od2KLC0UVvMw0605GrgF42V6N9LEKcuIdb0wzR2b4Ls="}},"1So2alt/xQsyWQ75xZBwselE+ckdf2W5dScITdj7egU=":{"valueMac":{"type":"Buffer","data":"FnJ+KqbN8ZCoCN9rokrORIBoo9g3zSmd6TJKQ2jn0Lw="}},"1cSK2Piq2sJxR3DZ8R4ugeKcBXT0NPEv68WwqdcdPuc=":{"valueMac":{"type":"Buffer","data":"WJS8nFzV4bwhBZHwKEHjXcsXPLjVpFfI7xtvViv9zpk="}},"1nKprtfHg83TInMJVlKj8KbOc+c6l5IH0B+UZIaZ1jk=":{"valueMac":{"type":"Buffer","data":"9NpZebqFhC8jiRU2nRDsP5zk99S8Wx0C3RXS8kquovk="}},"2LfNvXuG3TAAoxZ0K+9eeB+NYNiU88zBPP9FFXsW+aM=":{"valueMac":{"type":"Buffer","data":"gzypv4zY3MXzMdyBz9XlDGaRONaBihK/T5hrEVuNBF0="}},"2NSxHxXy9LX5pZorCB2WugJc/PUVz1DSMMn2+7OvHoI=":{"valueMac":{"type":"Buffer","data":"A4Xg8PfNrtadAKl+rtoe9sS6CCggczpuYYb9e1QjVDY="}},"2fDpiKhAwBlGjITz9Rejj7IU0eP1h1BLCaB821TKr04=":{"valueMac":{"type":"Buffer","data":"W5qOJxqEVZBz08VRLiGMdVnmwjB6wDyKB/BrhU4kL0Y="}},"2gXdvmSJwNuNErgpI2OHWGaosv4Rh7TRFZWZ8N/DVNo=":{"valueMac":{"type":"Buffer","data":"EYfeEuNl9G/QMZT7AURS188aab+gAeFmbwGKznB3gFw="}},"2nUwqy0q9EI6LwR8mI1uPuH0b11a+XJdjtYz6ADsqAI=":{"valueMac":{"type":"Buffer","data":"0f2G5CmkbZPlGNyJNeeXhgh/lh0+pBmNkPiZJBhMbps="}},"2nf6CVUDoCuPlc80ejbfwiRuYDOAGVoxXLvu+joIEwA=":{"valueMac":{"type":"Buffer","data":"G4pNjU5fHGxGhI4PMBGjO2xDxmHe7vjl0aQTRuypnf0="}},"2o30GeH2098tLYUPNjyawmfTGlPODMZlrU5yZkqqePc=":{"valueMac":{"type":"Buffer","data":"aYf13Oxa2R8cJvmVkO1djGj1FZRlkPnjIb9N5k3KY9c="}},"2tnM8QZ2cX4vNalr8F+OQ/jxhbF660o24YlKBNlQlX0=":{"valueMac":{"type":"Buffer","data":"B0LRTwm3Aq5GXPTydbeCHgDT+zb2M8vHRpCd/WRDXCQ="}},"2zEu9wawlIBK1IqHPKkDQppUgJjp0BQGo7R7sxAUGBs=":{"valueMac":{"type":"Buffer","data":"XnwMdqFwPCT6HubzkPTDRPFByelW1S1s57q0La8b+vs="}},"29f4aR8tVqMimdz0qiYhXSjaMljAuctZseQ7WnlQtcM=":{"valueMac":{"type":"Buffer","data":"M1lxVeorvpf7AlkJnAyw88xCbnuhUadUsJ1S9yLUyEw="}},"3MwA9rXLeYYeSZoCkRR1XobaVPguIynRNd7B9b6o+Fo=":{"valueMac":{"type":"Buffer","data":"RG++B1hxfom8TWWWKodOP8T+Pj0O52zwdqQKLtgCZY4="}},"3XjB50/bRL/JGcEP7AZeF5lV7eayx+u48TdfCL8oI6s=":{"valueMac":{"type":"Buffer","data":"U1WSGDwo+9cWdiJ4k5t7wcu5pR5JazDbU2j7JbTC9H8="}},"3gWdFPkNowanK046vr3OhKrAcsHjWL/Sv5mvPB6rtqs=":{"valueMac":{"type":"Buffer","data":"gA5akxFY6G0XYyT83NHcZl3HzYLsOtVcre3QH4Ta44U="}},"32bo/9IxZ4ShNl/EbN0S74oVyivTc4UpwXEl3ujfDpg=":{"valueMac":{"type":"Buffer","data":"GBmGsYuivc1PkNATe1VHheIM9VnuGCjxhObjERoMFcQ="}},"38wkYu2nrPHM9e7m2NBXxb8zdd3Bk73l6exJLm0/viA=":{"valueMac":{"type":"Buffer","data":"9tR4+scMibR3zSXkWKpbyCejiXrYOM9VjHxrTGyEmw4="}},"391aMKtF5zpiBnpa/gpQdqb5k1jWihj44UaNf3l+yIg=":{"valueMac":{"type":"Buffer","data":"KdWooXEhHnAYPKh0YpUZz2hnNvz3qqulz6UDq86KmVI="}},"4AlgXN/kxinShoosi0QV9pB92UiklMQdV8AZf4aTs/0=":{"valueMac":{"type":"Buffer","data":"ZaK2urw8T9Tbe/xLKgd5NWffEMrUr49QbJRkUfrnqFM="}},"4E4tuLH/4TKBC4yXkdUS60FKj+1OCuSEJmwWKv8KpL0=":{"valueMac":{"type":"Buffer","data":"zALVjDqHOOHN9QObCououLrBr6t+w7goSJeh1zXR/tI="}},"4GPcf45HW/Jtda25nvDUtl85hswi4P1yHW4Bo4gUunc=":{"valueMac":{"type":"Buffer","data":"VJ9+WYVQ4v1GiSi9o18oa3t52xrPo7CDC1F96Cgi1HE="}},"4RKahYZsMP45SkSPwSYnK6t0t0QlRgTP0e6PUHpoYag=":{"valueMac":{"type":"Buffer","data":"lOcBWatkUScDxufiL46wPVB5uyy6lvXM6V+b0A5x+eU="}},"4XzxnjB9ZSeKar2VNPJF4KlEkGx7iA4adD6Fin4JYYo=":{"valueMac":{"type":"Buffer","data":"vswTr4IaZFPwI9U+/77vPHNKB6Pb586t2S8DRzn3eWc="}},"4Y4GZZJMB6LrdO6JIJWzQ/GJihSNFMFBB7XRBIR3/II=":{"valueMac":{"type":"Buffer","data":"9++E81socNKIHp5lVQB0llzlAVG/6GQevbvDnvWt4Js="}},"4d+Gjf7n9pFWO26VKfQQ2kk9blV1yLy5G3yVvJwFnuw=":{"valueMac":{"type":"Buffer","data":"jn8byPm/8/PV4/i8udZCcZOUS5y68dfBg3M6HNS+MDg="}},"4lGK3XYMp7ErjV15xhfG1v7ccFckcqPcZjzjOmju6YM=":{"valueMac":{"type":"Buffer","data":"AXLXvBj4PBBm0yxsJroWibJBBJBxTzbqQoDDu5B0JTw="}},"4odkF9KUg40RZPVX+Y8D6a4225VXB6MKIeEXlgEZWOw=":{"valueMac":{"type":"Buffer","data":"C2YmOskMMVGldVC3w8qHSLv6m+ZKWudbdhX0CG4abIA="}},"4sonT5z0EETrfQecuJLA8QHXMShNS8bC8aHOHJK/JEU=":{"valueMac":{"type":"Buffer","data":"OKzRH5NlNK9qYKCL9Ed9XnAAxmJrqvz+UEJmjiOSXq8="}},"4xdQ3kR0Eo6nqop0JwqZo14b92st04MslhH/1tC1ipE=":{"valueMac":{"type":"Buffer","data":"gqjKXp1BwKwr8o42tgCcg3OzDGHdNdJRsXK2fquwxPA="}},"46WDDxe4gwcfOYY6kIH6lA6TF+pT0nkWVNf8rFHHdf4=":{"valueMac":{"type":"Buffer","data":"kIO1CVX6jKZMn2/dud9Kpgh5uvW5KERUjaHOx8Ncy/c="}},"48DrJ2Kj6Fn5YQEGQxi2HhTE1WF4B7q41E32cCwSlag=":{"valueMac":{"type":"Buffer","data":"3qhI10EMkAPu8FwvxAYnLUPC1NE9Tmy6wCV0DzIYSkE="}},"5S+xI5kdmkUlDrYuLdaZD/SdPyMzeJo57rsyawqPSdY=":{"valueMac":{"type":"Buffer","data":"RKdaF8cKOieduet8cnsBEVyrtJLR9n1y52cWHlXXF3Y="}},"5TaqlpxlSItasdGCSRmWXqIqiaiE2nNgxN9xV6d8wYU=":{"valueMac":{"type":"Buffer","data":"qAapxFHCdQ9fBwJRvynIs3oqzd0rxBtn0ut/TnYSes0="}},"5eB8p0ZkyyKW4I+B9g7jxH+ZYR9xscQIVmYyJx2BlbE=":{"valueMac":{"type":"Buffer","data":"L8OnyR5nAP7+R+YLbDsImg1Ztzx3MocCFFES6d+LHzo="}},"5rVWCeVOF3PAI+Fw1IayWX3ZvLRh1NOWgIAKjTSVGnI=":{"valueMac":{"type":"Buffer","data":"Fonz/9wnVVmPJI2r/b4cfgFJKa+8wPU5+PHQKSKfhwQ="}},"5re9y7GSqeucwkEOavlvhJ2UQ0nD4abPwDEHHuOIr3w=":{"valueMac":{"type":"Buffer","data":"LvEart18P1D8fmeZhsu+44e0fsGYCHH5xHkInnSSMWw="}},"5rlmA7Mhi0k11vLIVOD5tDoCRKFXM4wlTOInGTLjhcA=":{"valueMac":{"type":"Buffer","data":"oujPoD9TPPZLNOwiXq9+5IGE76psUsexA7lxOo+6fLI="}},"5tqUXIYV7NgBEfCE8UypEGqYrMerNprjIRBgxirWLYs=":{"valueMac":{"type":"Buffer","data":"xaAnLwrLMYi/wrbtiybHsDjq3hNiGOR0ZVFKkLkoukA="}},"55n1po/OIOTdfgzmBvWeMpznnlac5aUNvP4MdpwJ5CY=":{"valueMac":{"type":"Buffer","data":"2W0n5mhqSrlA45LcXazRA9yboRpmSEIvLF1P2ndVlgA="}},"59gll4Mdqh50RJoSVzwA3kZg+gNT/9UNYFCCUTDIN3I=":{"valueMac":{"type":"Buffer","data":"mYVUv0/E2UtYwAijfFMz1qO677zWa8psXTOxnZVyvk4="}},"5/5v2o9iSwUwz0Q60/QtpvrtcOS5FRSO+NlPJauEQMM=":{"valueMac":{"type":"Buffer","data":"5acduL9jfzJAec0GzpCi+QiZ6UvnulYu0ZoECvceRYM="}},"6L/+p2Pc55Nz/14SuranocPFFqjHKxbtlmvICLyYB4w=":{"valueMac":{"type":"Buffer","data":"sedI0HlY0ED3cY+nK6GkY0AaMKuF2KEj6Ui8Ch0owbY="}},"6jRRkn/O/cAYLlPLWfDqJ1VyfwUy5QD76fPLkCQCMjE=":{"valueMac":{"type":"Buffer","data":"1Br8XqZTbxWAS96ohPtwMA0zshg4duPy9TcLaIuaV9c="}},"6mnRG/t8s5VzWOrbQKQ7FaI29Wj53ZV4Nkm3WjTdxG0=":{"valueMac":{"type":"Buffer","data":"UDVWs4qfPVaN6FbSsvV682P7truBr4m78lXXIioQAh8="}},"6nNly589Q8Cg+sXs3N6Eau6Dir8bwY9AQXTuZAJYzkA=":{"valueMac":{"type":"Buffer","data":"DFDWkwxhkKy+vaP9mjs14rWliOAwbZm1qRefP0Q5pO8="}},"6+b9x9hbSDaHBI4tmqhSHE+jXhHu6ee1qabVi1WDRzE=":{"valueMac":{"type":"Buffer","data":"LvNBuWHhIUNZhSZG6n3mRINNtynbhlmSf0+8WE3p/54="}},"7D2l/6fcCTdlne5PwwMjJgRj84YUMvYzLrhWpGu6Xdg=":{"valueMac":{"type":"Buffer","data":"4BDpZeZbW05d+vJJkY3ZlGzvv7U/CfEaX8itnZxEcRQ="}},"7NrNZyVxecCaSiewK+rchXlCZexkkX+rGZa7uQzk+sc=":{"valueMac":{"type":"Buffer","data":"ur96R9L9TOuCFyC36MOoaHF14SK5fUJAznpWt5U+v5o="}},"7PGTKu9UgYHu39DpBEXxaXqD/RG/Md2VFbPO2H2rJxA=":{"valueMac":{"type":"Buffer","data":"2+E38kZCgMkrP25nKH7zQEdFFy8A75cvVBtbIVCrLiQ="}},"7SVNJGe18ws8mskTmjC4HX15Ya0KaAgenGVBr8lA684=":{"valueMac":{"type":"Buffer","data":"gOJ6yRQMmdP8qD8uwVFNz7g83gvzdC2jxtiw+At4GRY="}},"7dfCwe1o7MA5PeO5IGyUQ3lZzc/j63jgxf7xlWTybuo=":{"valueMac":{"type":"Buffer","data":"IcQRdq4TfYXnqd5KhTnP1r4cnt9JJD2UOkElhHzAZmY="}},"70LU+JDTkApNDMV2kppHYvwYDaykeryWBR0zGXu746w=":{"valueMac":{"type":"Buffer","data":"TJj/o3+keOiRQ/JBGgHzRYgtTxTnhWpJU9ByMsfDZ7M="}},"701+Q/+G4PEOyu4ie5/qriH8kw1UpkuGlJE7h+/RfTc=":{"valueMac":{"type":"Buffer","data":"TCXBwhEyU+qQeyJVdrPyZYAje3NjIOgHr55JWHaQWpU="}},"75NLejWIwdmLeyJBtMF1IT92bacLx+vpEI57HIhMwbA=":{"valueMac":{"type":"Buffer","data":"EEizySamfxd2TOYvrGshibGPoPUlQ+SsHIaF29SWtnE="}},"8MDEgZ265F65YkC8ZjUyyqw3bIzTowmf1zsdEi+EcW0=":{"valueMac":{"type":"Buffer","data":"ny4X4kZZxpgei7mlTQULxOE+/YZP9A+xKIKVtHCokUg="}},"8MY3ozwNyiME8KMs8ZU4O56uJFWsmScdgFkrzzaGZQY=":{"valueMac":{"type":"Buffer","data":"hoO3QVSjB+oBkcBTjxM6Ejgp0keHFaEn/YGIF5ED3gA="}},"8YUMBrotIcx7julaMaQ7MtZgKCm2KrchI43/GcSkJog=":{"valueMac":{"type":"Buffer","data":"uxeddrPvQVgXu6nzJKc9uTYHFypRNK9/Icoi/2q1MlU="}},"8fzaxvg9Zx63dFahyhSgrKeZ4cVmIXc9BYmPTkSHXsk=":{"valueMac":{"type":"Buffer","data":"O9NKkDHtL5f/uzys3+vnUpi4SISnLz057GrYrh8fDh0="}},"8lHQcz72ydyeMKL21BnaQqxKJG4xidP9cYPXPtuj8ko=":{"valueMac":{"type":"Buffer","data":"6/8AiIwKIG6XKQ1Qlq7BDCAY7gc8yc1O87pLjE/Gl8k="}},"81jPiat4cv9+hXhDCoHxEtuljjiO4BXwE6r2DhmuZz8=":{"valueMac":{"type":"Buffer","data":"I75KG+vbs69sB8hOe07Bvc/cMlXKrHL4bF14VHU/GlY="}},"85EEToiZNa22VHJgEfXxHijy8gFgJb+SiRmECeG8dKQ=":{"valueMac":{"type":"Buffer","data":"BQItrlRUqpBqHEfTT2hLkvb0Ep75R6j7LJsgggfgjEc="}},"87X+UCRKmpwjRQHxMlNQQZqa3N6V+u143yRIvkrUfOY=":{"valueMac":{"type":"Buffer","data":"PSmWWcs1EDeXXITxmNw1W8D4xI2LhRCj3Uv8bZ2COK0="}},"9Ayi7oBVjF46IeFkxLe7GbRpzKAgvLPKpNmTJXU5pEA=":{"valueMac":{"type":"Buffer","data":"OUJqSMju3YGnY2MWCQ1ycKnWOENp4Y+Ee+T5T5YBTJE="}},"9CmAWxS/XwGif2QN1TR6PzilMuqjpdZAekmzlhEDJZc=":{"valueMac":{"type":"Buffer","data":"FUzChOXOKhl2FSNg0jDYDV/K6/byMfRz5HauNlX4rqw="}},"9K4hsuPFyvsLTJsI6iuAFQ2V5WiMWsCOImMDcgvBoJk=":{"valueMac":{"type":"Buffer","data":"Y/2hD/aHrxd/sevPh0uhRGQQ2p3lbg77R8yDibyZ8nQ="}},"9QMLlsVxn4gyyvMkqQpJY20n7bRq86EAy0dI/Lj0A/w=":{"valueMac":{"type":"Buffer","data":"wt/yVfE0l74PfeHPddSW1511L6eJfJFQZ4VVDWnl56o="}},"9RWC2jqGYiDHzPt1o2Q50jQA+AtJ+dbpKdN3zgY+RMA=":{"valueMac":{"type":"Buffer","data":"4Zyi/3Cwdux4jvTr83HNwigmR2xZmXn4lKW4C7U2PRc="}},"9TU1GoEXE3cuzQT4UCcvYRJ+KgqWMp1sdnDc8qhQ0bc=":{"valueMac":{"type":"Buffer","data":"SJMi1Lw2N1EnMcSSiNq1lU+FXbacVn4sEtLeStFxp10="}},"9js2FbM3jV4b4x+0lmWsi9KkQC230bPeFdYF0tDryW0=":{"valueMac":{"type":"Buffer","data":"+YEVhCT4+PtANpU4v2YYc2EsSeZXhRTh3W2ZkK//Xco="}},"9n2DdN7iAot7Gh4gehQ2S8ztxi3FM+ZTRx5x+eiepfU=":{"valueMac":{"type":"Buffer","data":"+u6KFUsLVlrTp3da4Bd8QSdFJwGSFbmdSR1c6oOyIog="}},"9ode0JSM6VAXulbnYRv0kLqxIQ/xN+aeSaBkacRahKI=":{"valueMac":{"type":"Buffer","data":"EdyDUuRS3WANJhSFfGUdiFkFHhzvL8+F2gsZ47ahcYo="}},"9pt4cDGIBqCMCKlly9AVaDExss/U3ri5Jv4OXnLPdfM=":{"valueMac":{"type":"Buffer","data":"IUCVO5w1OSYc/BfgrEBNL5WG+LgqejTc5QnifWXwoMM="}},"9zFBv6V3Bm4j+nNtzkqZGzDbY6GWj2aCSwDKYhDnOXw=":{"valueMac":{"type":"Buffer","data":"QcLmWSkycoOEZ+1m7AZ7zjJvT1Te1m+Wm/+GXxrISQI="}},"96zxx0PZMSleIVxtwbabv+00G2ik/95cGbhWoxQNV1Q=":{"valueMac":{"type":"Buffer","data":"V6PhIO0Fkh6TuBpc0Q7xrVI8Ap7J6bD6Li6beym4/6M="}},"983yTWyZ+FneecFi4Ywl3YkenVDCFUN56aMt+wUHTxs=":{"valueMac":{"type":"Buffer","data":"CSI8oIOI00iavlIoB7mfzt/iDA1izJIgtecLcDWSUSg="}},"9+1PCZBlg7Mhd3erCaHj0PWCfjkxIN/1op7e4IJLG58=":{"valueMac":{"type":"Buffer","data":"7QmMjmtoyectbv6oVECE49bwbFW/+VJwTpdcLc/GnKA="}},"+DIhblBUR5qjX8BjQAf4kRn6X4MJ+ED4bS/k3K7D7XM=":{"valueMac":{"type":"Buffer","data":"XOYSPz8tI530L+7QeQ8wiN0dV9X+G033UCw1qDbVj1c="}},"+J4gcTcivY9HsAhMctudcfM6uYA/BEYeNA2A66F+AAU=":{"valueMac":{"type":"Buffer","data":"S+LYuUgsVd9Vu/c3jYUuZNSSskmiVKTAS1YkbToQ5qg="}},"+NdAdoyV9guhR28AwN963kM4Jpz7Ti2nvQ7GRBj+jXc=":{"valueMac":{"type":"Buffer","data":"aui2yiB8PIKT3QjGSvthIJCkpq4VWWA26WgU/t/PxWw="}},"+P0CC9xrKYG98yz4etRbsXFQJtmnfSxomM6OIMf6pYI=":{"valueMac":{"type":"Buffer","data":"VOIVVVwiwMefCqGZpGwvl7ZfErRmhx9vnUVB3Od7Uhg="}},"+g4p758MX9hfUOeifTj6XvZSsfysHgLqJo+jyrsJ+A0=":{"valueMac":{"type":"Buffer","data":"Etv/2jnk2iXnc+d2p038Tue4+90slsfhhZieclFKn6o="}},"+kAm1cGx9hWpGPWUxuircXOzTBElfyD0nG0ScZU8NCA=":{"valueMac":{"type":"Buffer","data":"BH0+qrb2NkosT0n41VHsa5pgSYTdcrgBuKtQ34dOYXo="}},"+nj44GoIKfDHqgynTDtg7qhfj3UuoZJxOoDmh1s/JM0=":{"valueMac":{"type":"Buffer","data":"XsuqZGTmlD4dlzswvlVesw+Pg/4iLpPnwjfizmimCg8="}},"+rXjFjmcrbdgi88VjSdDgRkfDG29kMak4oeNvI4PLy0=":{"valueMac":{"type":"Buffer","data":"nbmOplju2x/ru2zkX1eM4ldf7GxEGShituQMJPButag="}},"+sL683idAKTAZ656UZs/vUk2mY/ku2/feplnQLtH3w0=":{"valueMac":{"type":"Buffer","data":"e0psrq5ftnRQp/fdhETdE9d3sU8b3QZOmZ6JzhiUbN0="}},"+wHsBboN3OM9XBSaZrDCYJMBUPgZ+WJgxjIifzz14v8=":{"valueMac":{"type":"Buffer","data":"O75uaFgyg720dt8Pio1T0kdgRCYwK5JDMYsgQdOJm78="}},"/Cdt5PDhPD1/6YGRXfiQ6/P2lbLwWf5ofUWR6gARUY8=":{"valueMac":{"type":"Buffer","data":"9vRqDagK47YhHNiOIUaIO5jFuLj7gKY9AhVpMEOyaIQ="}},"/CfOE99fwSARobNKUcsnZLcl8P/bywsTa8HUUqe7fZ0=":{"valueMac":{"type":"Buffer","data":"rB5A4Rc9sW05PvW5nR7yzaUT6j/k4UCN9v6Mx7X4Fuo="}},"/FzlikgKFMDnnyNXIfOnBT2HTd+QBCQ4z9dysB7k0Lw=":{"valueMac":{"type":"Buffer","data":"zXhWBkH5OMqrmD3jd4NJajcnJhJK/KbHBs4uBpiX/CQ="}},"/IV5fRkcjfLb2hQjKp2xiilB7439NiPagvE8AVYSVIY=":{"valueMac":{"type":"Buffer","data":"OaLY47Jk70Zz3o/h0cKl52mKsw21PbUTkRjHen/N3Jk="}},"/MERn/s7tAc9jLcnGApeoWXTktfAnURFa4xOvSTrW0A=":{"valueMac":{"type":"Buffer","data":"PS6dE/qfAdVqsKUryzNC9zwlA9eRA3uR09Sm8evmJ/U="}},"/NmUSnfaNR8DeQ6UYxWPqVHaN3BXm3VX3nRS0t3Grdg=":{"valueMac":{"type":"Buffer","data":"X3+UfA/Fhckc+XTSwL0SsKc9j2mBfeHw/2hLkMfaBx4="}},"/UbJZ6qQBzT0WUq0kK593E74fpOmtfRbJ5lGmK5A6NI=":{"valueMac":{"type":"Buffer","data":"q6ZJZ9Koxiq2OWOniZmyON3oitg40i99hVSmRTOJ1Ps="}},"/UyfxHrQb83PFcRD99ZgIQttsZlXiRQrn/DUreKZmTA=":{"valueMac":{"type":"Buffer","data":"GpAhI/piJ8NesWoRq3NzdeuC2/huaurBDtYYNE1GAbQ="}},"/XWKDOT6eVKJFrKCqoU7ovMTQTmS9XtMthgm+U0YbwA=":{"valueMac":{"type":"Buffer","data":"JO1VoXxOO3ddeJX1X4x8Yv0Zyvtn4+bEdb7hnMQ3lzs="}},"/cCDwejwz/IjepwNHHFkhaKjiSMIlSIx7rwfUJ3VCrw=":{"valueMac":{"type":"Buffer","data":"hUL2VcMVuWmP4yM6svlYLAEkksJHMjYNC/EHx7jIYk8="}},"/iV1oaYyjAF4EGmH/sRVlnycCD+Y6jtVe8U5GOagoLQ=":{"valueMac":{"type":"Buffer","data":"1V3X9MToPmPa0UyaQbt0VYvS1kHc5ZSF8UXJ2VfVeD8="}},"/tMG6LSaoRgzCSH5XZLRzVQuxPMRlZ+r62fS+suHaWI=":{"valueMac":{"type":"Buffer","data":"PRPIpzT+LAVxcog0xT+1qFzQcD+EEdkATuHbVR6BziE="}},"/6D7Jgi68G8RI2cG7IJyHRdwt1l1zghrw5P+UaPJjWU=":{"valueMac":{"type":"Buffer","data":"gI17pu52pCJ1yAaa28l6Wi8OcJH9GSX3z8SsoT5hPNE="}},"McBbLzW11I/D+ZnEW6bYTeXMfJ+EVmNYcP1H+A0vE3s=":{"valueMac":{"type":"Buffer","data":"O7WuAf1fafJv+xY2/J+vMp53rDor07PUzOwi4qlboIU="}}}}