{"version":12,"hash":{"type":"Buffer","data":"NYRtgySwiuE7K4DweKqHr/S6X8LJDu0t41tpoXmITu/gpfSVeyvG9ajdFTfRYfOfxPzBl6TVPZmCEV/VbU05i2X8Vd1ubK2LVkikIBKHDiNPMkQHZf1UrCjOP2MQt1NgXmM5d3+io1iksGWwG8lplZBFKuPix7TZeaFZ5R38z3I="},"indexValueMap":{"Az6+0UMxj4uu6xW3yYr32PK0wzYszeqYQSASFJW1LJ8=":{"valueMac":{"type":"Buffer","data":"AmZ9Tb33HRRN5+Ts6U25V9wZNV9BY0qebVa93vesEiQ="}},"CDVH0iEBH/qpJDGm+jKuP6shwo/4Zd6rqFIXj8zSGIw=":{"valueMac":{"type":"Buffer","data":"CrcOAuoY8rouuJZW1hmwEVFbfFkXK4RqmFzNG9Jat7M="}},"DJZTvuJF/i/tzPIj/Uu7Rz+2KmPtaaPJqAlGuZpiY0c=":{"valueMac":{"type":"Buffer","data":"ZnzW/lnFF1Bx5wmL7oQTsAPRaOn2YatRIuoq4+L3IUo="}},"TcaEKo/ew96Xdn4et8Xrd8Y7OnSLJ2/uTVL6DKYYmSE=":{"valueMac":{"type":"Buffer","data":"6XlkauxOoGV3p5/SbTA05wTgM/hGdbpAyS/RfIHf1Hk="}},"cpDOQfnDxYSepKNEU8pM2R8/VIQKE8yyAX5eHOTyIgE=":{"valueMac":{"type":"Buffer","data":"Vixm5x8Lki7dONX/frdp2LdofAYR1CWq5iGAXMCNjBQ="}},"eoBNOCuOh7PD3hoHdT0yWJtl7jbV/MNiN38RDjuvGJA=":{"valueMac":{"type":"Buffer","data":"FAGDqMf0K4AjXKh4k3g4/P/K0oygA2mbLz8cCHK2DgA="}},"h8WhG5w06usJlGeME1qc+Y4Wfx5Lpz0kuSp8MayAtGw=":{"valueMac":{"type":"Buffer","data":"pVU6jsbkErdbRW/2CFYWet+CPsElaKqj+or3n5YGnTQ="}},"uK9kUEsY5J3E/e3Ttkeb19XOxqCL34tofNnhALwwnaQ=":{"valueMac":{"type":"Buffer","data":"KuqsfMo+pEQV1XTLkAayYM4eIC58n2XDN/n+YKFmrIc="}},"50Etrchd787vfkmK7m+2LJlQIkUYtnHUJWSde30cCHU=":{"valueMac":{"type":"Buffer","data":"W+ujNdKhtXUYjsLeXOH12m5bouUQeDAWFTLWKearK6M="}}}}