{"noiseKey":{"private":{"type":"Buffer","data":"yC4+hmwMSL+Euk7Qq6OHty8f1N7AmHZ7BjBLhhN7/Fs="},"public":{"type":"Buffer","data":"yjXO1Lvc8wrOAQCoCWgKaVbi9ACBbdx9Gt90nht7zFY="}},"pairingEphemeralKeyPair":{"private":{"type":"Buffer","data":"gDfnlMXT2YjRUtTKwn583DzIRm5bp0B6uFPI+3frkkM="},"public":{"type":"Buffer","data":"ZtzMjmWwitVnK6Pu3OY6Vv+kkUITDfLri61Qn/etMnY="}},"signedIdentityKey":{"private":{"type":"Buffer","data":"2GyOF39g8gAd2wQkhQYjP6QVex/XKhdpi7XagiQIBUs="},"public":{"type":"Buffer","data":"fvxQBURcA9WZI1fKt0nqZwtpyB+nn9Op2bSN4O4FLyw="}},"signedPreKey":{"keyPair":{"private":{"type":"Buffer","data":"UAFN8cu0s+ICxyQNZv5Sdj0lqg8wqT8AGz81Gk6xGUY="},"public":{"type":"Buffer","data":"cIek/Zl84b553lI2DT6r+A7lrgO/tpUN9DRWAistiWw="}},"signature":{"type":"Buffer","data":"nLi2O8aHTI674Pf3IrdJpxjaUozEc7WkgaghwuGjlnUxIuOzKNjvgkwCkZ7Bu4yt8pxtwaJU3SJ7cfLWpxCBAQ=="},"keyId":1},"registrationId":245,"advSecretKey":"fy1k4xq3L7s47yvyjFo0d247Zzm6pz5TqvyacIpNkWs=","processedHistoryMessages":[{"key":{"remoteJid":"6282372846017@s.whatsapp.net","fromMe":true,"id":"FC62ED58572FCE30FB95FC2D4716AB1B"},"messageTimestamp":1751262321},{"key":{"remoteJid":"6282372846017@s.whatsapp.net","fromMe":true,"id":"CF81BDA8F50D04D454F9C8C4CEC3A804"},"messageTimestamp":1751262321},{"key":{"remoteJid":"6282372846017@s.whatsapp.net","fromMe":true,"id":"1F0CFB09B1674D43189ADEF17FE9CE81"},"messageTimestamp":1751371177},{"key":{"remoteJid":"6282372846017@s.whatsapp.net","fromMe":true,"id":"BED4BB4598341C1E09C7626B8776002C"},"messageTimestamp":1751371177},{"key":{"remoteJid":"6282372846017@s.whatsapp.net","fromMe":true,"id":"8A72F810620B76540EF56D5FA3836333"},"messageTimestamp":1751371177},{"key":{"remoteJid":"6282372846017@s.whatsapp.net","fromMe":true,"id":"27089CA8C31D99497DCCB6E6E6022E68"},"messageTimestamp":1751371194},{"key":{"remoteJid":"6282372846017@s.whatsapp.net","fromMe":true,"id":"5CB6CE657F3E7A505851CF8E037DEB5E"},"messageTimestamp":1751371232},{"key":{"remoteJid":"6282372846017@s.whatsapp.net","fromMe":true,"id":"5341AD6D768188AE527C33209A858F29"},"messageTimestamp":1751371234}],"nextPreKeyId":444,"firstUnuploadedPreKeyId":444,"accountSyncCounter":1,"accountSettings":{"unarchiveChats":false},"registered":false,"account":{"details":"CNHj44YEEOvIiMMGGAMgACgA","accountSignatureKey":"xBD8tXKwC+RDKJvECFZ9J0X0zJrzidKL8nFXVvGDjQo=","accountSignature":"Tq0LtAFQpZuQoIqMAnpnnhEWC9tJUw84cc6+TUs/tOJBhM+6tm1kkx/aS2I9hLRyxqAxUkGs+lMuIUEvBaRmDg==","deviceSignature":"iWfc0YnUxiRgDY6wa+UoZERMvFakoWNEnVSN6AsXcw/f6n9ecQfRxgY504T/fgyEQZ9jTpb+BXoNR82iqc9+CQ=="},"me":{"id":"6282372846017:5@s.whatsapp.net","lid":"53133745066162:5@lid","name":"Receptionist"},"signalIdentities":[{"identifier":{"name":"6282372846017:5@s.whatsapp.net","deviceId":0},"identifierKey":{"type":"Buffer","data":"BcQQ/LVysAvkQyibxAhWfSdF9Mya84nSi/JxV1bxg40K"}}],"platform":"android","routingInfo":{"type":"Buffer","data":"CAUICA=="},"lastAccountSyncTimestamp":1751535271,"lastPropHash":"1K4hH4","myAppStateKeyId":"AAAAADVO"}