[{"senderKeyId":306779348,"senderChainKey":{"iteration":30,"seed":"rRelL9cWRzysda9n+6DRNXI9KqFhf3IWvZu+tZ+WKr0="},"senderSigningKey":{"public":"BWMK+/837hm8d7/uVyuxB3DEGfy+t++slUzjA1AR3Z1o"},"senderMessageKeys":[]},{"senderKeyId":306779348,"senderChainKey":{"iteration":14,"seed":"zuKxxGgOlIhOZGIywK28B5g7oQFhDls+4HRo8BEXKis="},"senderSigningKey":{"public":"BWMK+/837hm8d7/uVyuxB3DEGfy+t++slUzjA1AR3Z1o"},"senderMessageKeys":[]},{"senderKeyId":306779348,"senderChainKey":{"iteration":29,"seed":"HiYODgEtcrsS+9PRAiXV7+1nQ9Q/+Bd0RE+U3uMZcjs="},"senderSigningKey":{"public":"BWMK+/837hm8d7/uVyuxB3DEGfy+t++slUzjA1AR3Z1o"},"senderMessageKeys":[]},{"senderKeyId":830733978,"senderChainKey":{"iteration":2,"seed":"GAU+snhLLfFoRqpKXJB77vYDVqYLNIYuZWK6ySg+HO4="},"senderSigningKey":{"public":"BccLUkEwkKD6SykR0WclYXoUP/q5Nfbi4BO4LMwd4cRl"},"senderMessageKeys":[]},{"senderKeyId":830733978,"senderChainKey":{"iteration":1,"seed":"0loTibJVPnYn3TB/nuSaXFrdKic4KuhXYCAufQ+l7w0="},"senderSigningKey":{"public":"BccLUkEwkKD6SykR0WclYXoUP/q5Nfbi4BO4LMwd4cRl"},"senderMessageKeys":[]}]