[{"senderKeyId":1629283383,"senderChainKey":{"iteration":19,"seed":"xDhlp2qfESxzXgq5huOGyZE8aARkVB3CBsia+KlBb5I="},"senderSigningKey":{"public":"BdGkB6FW2bf3CU42+4i17P62aZyFNbTJAto8hKratcZz"},"senderMessageKeys":[]},{"senderKeyId":1308539945,"senderChainKey":{"iteration":23,"seed":"ekAMIGOUNe8QJgTSHQ2026fAYV7fo6O7pXqeZ9MV+Dw="},"senderSigningKey":{"public":"BYqhbkZbHk7DZDtJrKt/ySRoglBw7xrmR0eC+K+sTKhU"},"senderMessageKeys":[]},{"senderKeyId":1308539945,"senderChainKey":{"iteration":7,"seed":"Hwgefft5RpWLJNHqzYsuGRa2Erc76cg1qG2Kvizw8Mc="},"senderSigningKey":{"public":"BYqhbkZbHk7DZDtJrKt/ySRoglBw7xrmR0eC+K+sTKhU"},"senderMessageKeys":[]},{"senderKeyId":1308539945,"senderChainKey":{"iteration":9,"seed":"ua6yNUFyEqq2J3IYTTS1b+jVaZK8Nth9m6qRp36WLxE="},"senderSigningKey":{"public":"BYqhbkZbHk7DZDtJrKt/ySRoglBw7xrmR0eC+K+sTKhU"},"senderMessageKeys":[]},{"senderKeyId":1308539945,"senderChainKey":{"iteration":22,"seed":"Fr/RFSM1QPF6Rz9rCXsLKkk1NtgdVFnjNc2LJA+dNp4="},"senderSigningKey":{"public":"BYqhbkZbHk7DZDtJrKt/ySRoglBw7xrmR0eC+K+sTKhU"},"senderMessageKeys":[]}]