[{"senderKeyId":147104279,"senderChainKey":{"iteration":8,"seed":"xyL4mGoVvGh5nAwMCxUDjr9xlMgjOhs8AtXNNVlKf84="},"senderSigningKey":{"public":"Bdhz/iftXc6fvD2Gt02zKpf+P1p4ldY5WUOQ86Nj0qQR"},"senderMessageKeys":[]},{"senderKeyId":1666619699,"senderChainKey":{"iteration":3,"seed":"yaLNE+JCKL0PxPE0TUtddnLyfbWngWzGNJx/pSTPgog="},"senderSigningKey":{"public":"BeuqIJFxF4XFd9HPIM9cMDcnzSUFUB/hyuRf90TlXw89"},"senderMessageKeys":[]},{"senderKeyId":582612008,"senderChainKey":{"iteration":23,"seed":"XNzDRRGJaWmGV8yfppTy2kbQrqIvq4LR+s5hPyMDols="},"senderSigningKey":{"public":"BRJM/+Csi7dDTpVsprUlLVbgGMFUuyOIW51LC/KNoOoD"},"senderMessageKeys":[]},{"senderKeyId":582612008,"senderChainKey":{"iteration":10,"seed":"xszcoNTm1JOHoEqRrosZxHNxDNZZS1sQ9gOcl+hGjCA="},"senderSigningKey":{"public":"BRJM/+Csi7dDTpVsprUlLVbgGMFUuyOIW51LC/KNoOoD"},"senderMessageKeys":[]}]