[{"senderKeyId":1684857611,"senderChainKey":{"iteration":2,"seed":"XF7xqxf3L/sc7pElHc1XMY2PWT+PWrafAF6mm7/G5Ew="},"senderSigningKey":{"public":"BVJZAuHzqwbiNLFlyyIF4qMYOnS6z9XkTjH6v52EuP15"},"senderMessageKeys":[]},{"senderKeyId":304842272,"senderChainKey":{"iteration":4,"seed":"GOFIRf+WBuor/zvHmz7Xj3UTeTkl/u0XODILuLrlmt4="},"senderSigningKey":{"public":"BfklgYbDhsiXte0wJSz12k8qmovznsfUOrOS1k30wYRY"},"senderMessageKeys":[]},{"senderKeyId":1544166516,"senderChainKey":{"iteration":32,"seed":"8FB/+8j8/6+0WGJdCIv9ABTjo5bId3UQfcZzM3Bi+k4="},"senderSigningKey":{"public":"BYU/3Xkh6TWAZ2gVFQIT7zIr7g9DsYNnnENDXs10KFpI"},"senderMessageKeys":[]},{"senderKeyId":1544166516,"senderChainKey":{"iteration":17,"seed":"b41e4yDE4/dyL1dg2b+rhyuo2CHHF0bukIeml920Mbc="},"senderSigningKey":{"public":"BYU/3Xkh6TWAZ2gVFQIT7zIr7g9DsYNnnENDXs10KFpI"},"senderMessageKeys":[]},{"senderKeyId":1406791950,"senderChainKey":{"iteration":1,"seed":"zbsMwN8nVE46sIsf7nTAgAuVmg8GiIWz5P/2b7RRIS0="},"senderSigningKey":{"public":"BRQMsp2WI0woixQ6p1QetWphY4bY5hf4nodk2LuGvhQ0"},"senderMessageKeys":[]}]