[{"senderKeyId":543484474,"senderChainKey":{"iteration":1,"seed":"JCEpKoqWLm9POW2z3q8paPoWThOuf5CG8S7hcPA1YwM="},"senderSigningKey":{"public":"BZ0jGjGH77mmI9w1uMC+cO8Zq2HwSWxoO3+SsToB9vhD"},"senderMessageKeys":[]},{"senderKeyId":1601042945,"senderChainKey":{"iteration":15,"seed":"9rhSEttTFevngGO0zj4ZCt/BPf+jQBp7Bv33pChcrno="},"senderSigningKey":{"public":"Bc3YpUOZvpvjwJcbpserSEPD2st61eQk6UBw71E0PkVl"},"senderMessageKeys":[]},{"senderKeyId":1601042945,"senderChainKey":{"iteration":6,"seed":"8h4fS/CyRK5WAMFmFB3A5LwODe+IyfUN7UUd4CQ+f90="},"senderSigningKey":{"public":"Bc3YpUOZvpvjwJcbpserSEPD2st61eQk6UBw71E0PkVl"},"senderMessageKeys":[]},{"senderKeyId":1601042945,"senderChainKey":{"iteration":9,"seed":"oceImrRhCXV+dBxMIhyB4tg3MIXusjODEjtTyLq5Cdo="},"senderSigningKey":{"public":"Bc3YpUOZvpvjwJcbpserSEPD2st61eQk6UBw71E0PkVl"},"senderMessageKeys":[]},{"senderKeyId":1601042945,"senderChainKey":{"iteration":13,"seed":"OUk4IkePkAwSnLzMd46JDyOpf/3Z801UGEiZGeFyfGw="},"senderSigningKey":{"public":"Bc3YpUOZvpvjwJcbpserSEPD2st61eQk6UBw71E0PkVl"},"senderMessageKeys":[]}]