[{"senderKeyId":231308685,"senderChainKey":{"iteration":1,"seed":"jtlNnSFyCRgpQm3l2lquvbrK4/IEe52b/oWLVxF8V80="},"senderSigningKey":{"public":"BbmKxblckSrZo4b7q9ISiqfV0LdEriVwycQCbrvvUDRO"},"senderMessageKeys":[]},{"senderKeyId":1437688135,"senderChainKey":{"iteration":1,"seed":"Hh2gRNKts0J3Zx4xp3ln6GSmAZH21F0kf885ys8KZd8="},"senderSigningKey":{"public":"BSTJ0V78ZL0SgvVNk+7G1NCuvN5YeAhPYTVTmeMy2Spl"},"senderMessageKeys":[]},{"senderKeyId":86194839,"senderChainKey":{"iteration":1,"seed":"6VYS3UKFG3aIzo7bUUqhehftt8CWgrTVC0vaqp/OxfU="},"senderSigningKey":{"public":"Ba8+bNndzHIeEfmSkw6nAqriCJpiFwucR2ar2dnEhXAP"},"senderMessageKeys":[]},{"senderKeyId":937789877,"senderChainKey":{"iteration":1,"seed":"TRaTVBct5N1XD1UDq+xxh8OSWESwpa7qyJeVEsWsCfs="},"senderSigningKey":{"public":"BQbbQGwjsOqkxeNRf1OgLAMpEhAhSY7UNhCRld0S1X8o"},"senderMessageKeys":[]},{"senderKeyId":154302403,"senderChainKey":{"iteration":1,"seed":"o/1wMa+fTu5/VN11IqnM2dNbeT3N1Eb1UD8ibIJGVZg="},"senderSigningKey":{"public":"BaSGZb1F/J4JQlqNM6xWs79v6RPvMvdD9yDMpiWp+m0l"},"senderMessageKeys":[]}]