[{"senderKeyId":1044375779,"senderChainKey":{"iteration":3,"seed":"eu+AX6tEfCQhNwL74NVJmQa1Q5y9p7l/oE1wG9vE+mE="},"senderSigningKey":{"public":"BVMBOSZk84D/wpXtxkhnTamD0to2JAJl4dQZjlPZqScE"},"senderMessageKeys":[]},{"senderKeyId":469002035,"senderChainKey":{"iteration":3,"seed":"o/WOPzCXOloRcwIjGg39lWqdjdxbQ2Hh081zoQAlD/k="},"senderSigningKey":{"public":"Bca6PBu+4Fq/Gaj1Z+u9M9zizYekWSApu+9Yzlh7IElz"},"senderMessageKeys":[]},{"senderKeyId":146633788,"senderChainKey":{"iteration":1,"seed":"JVJ5TNvJps0PHjRGZDXCEw5jwS5Sf5Mn8GOn4wDXKo8="},"senderSigningKey":{"public":"BdSsFCJya7AQ673Elmv5wbTnSifNbpi9poW3E4C0cowv"},"senderMessageKeys":[]},{"senderKeyId":1327038438,"senderChainKey":{"iteration":2,"seed":"HhsnbkXjEZXUXg28xlULKg1tFJVAasQ5zxpE0LvVRtI="},"senderSigningKey":{"public":"BeHTNhwx0DoP+Z+YlxtEe+Fr57Yutz3xKwYIw7PJSvY2"},"senderMessageKeys":[]},{"senderKeyId":1580597882,"senderChainKey":{"iteration":9,"seed":"PVut1hOqW5wuWNkP04VYm+R0KhZDSVkC3iuqpXMiUdc="},"senderSigningKey":{"public":"Bb8hhHckKipZ/jxtVqciGtV98SMeVF4TuoH1+D5C0V0G"},"senderMessageKeys":[]}]