[{"senderKeyId":886549574,"senderChainKey":{"iteration":1,"seed":"dhcJx05fI+3qoaJtw+uAQrHV3b72YRi1mf9neB5/C0A="},"senderSigningKey":{"public":"BVUULquil6HuVx+3vVvDIZmEaXgCR9yKB3ZjtHldQV9g"},"senderMessageKeys":[]},{"senderKeyId":886549574,"senderChainKey":{"iteration":3,"seed":"W7aGkg1iGcyLqcQQCZS6X2bveLfTIy2Vxiz1pgh2UgE="},"senderSigningKey":{"public":"BVUULquil6HuVx+3vVvDIZmEaXgCR9yKB3ZjtHldQV9g"},"senderMessageKeys":[]},{"senderKeyId":607038467,"senderChainKey":{"iteration":1,"seed":"4cCb5TnkLeeXUDIpZpk/DfWNB4lJ9LPHeGCCKQt/2W0="},"senderSigningKey":{"public":"BfE2eA3EPtQPOEw8b/KNWqZCqcBGlcb+KIbmyf3sKVYk"},"senderMessageKeys":[]},{"senderKeyId":74404241,"senderChainKey":{"iteration":1,"seed":"fZdWplQMNM7nfA9jo9BjOl7gh8QvBDGqtQPpl5YJi+I="},"senderSigningKey":{"public":"BTfiTTxEJcGeWHIbWIS5k4Wrv2RLmkGcO9mOmg5YnKIQ"},"senderMessageKeys":[]},{"senderKeyId":1318052251,"senderChainKey":{"iteration":1,"seed":"iqyybgf8CPETG8S918No8cg/LWPmNjOhqK2fk3Z3oN4="},"senderSigningKey":{"public":"BSDaXBR1BvLwe9tD2yXT/VOsIwJ1WIQ7uf3iSZpULcpf"},"senderMessageKeys":[]}]