[{"senderKeyId":425246543,"senderChainKey":{"iteration":7,"seed":"tZbj5j8t4FObbbQsggmMb8sPcHkpgld+WI5wbXCD98c="},"senderSigningKey":{"public":"BRdNO6IdKaLEkS9z24FiALtFIA3LIiCbcJvh5lvp7Ns+"},"senderMessageKeys":[]},{"senderKeyId":471764365,"senderChainKey":{"iteration":9,"seed":"AH8qcg824pCXTx5siAz24dsLulIyJlRfqEC2LHeUeJs="},"senderSigningKey":{"public":"Be7VZ5v/vs3fIU5D3X/xbUCOlW9fSmh9TPL6G7blncBE"},"senderMessageKeys":[]},{"senderKeyId":471764365,"senderChainKey":{"iteration":2,"seed":"6EeWEGg7cJn2TvP/nsoe4o+nXuRw54RwyQumJ3a0mvA="},"senderSigningKey":{"public":"Be7VZ5v/vs3fIU5D3X/xbUCOlW9fSmh9TPL6G7blncBE"},"senderMessageKeys":[]}]