[{"senderKeyId":1742099533,"senderChainKey":{"iteration":1,"seed":"0A0Xp7wMOeR5lY4r1jrt616esW0Yn2Ybl6J/FmBtY7Y="},"senderSigningKey":{"public":"BTBf9sResW/oEi0rILpkXV67gIRBW7ExgFmGXnYhyUJC"},"senderMessageKeys":[]},{"senderKeyId":869173379,"senderChainKey":{"iteration":2,"seed":"Qz5bObOeoO97RlhbiltrqAAxqR10FIhnoNOQtTGYudM="},"senderSigningKey":{"public":"Bb90ukMW+PVhx+9XrNUkyysm2ZEd6FgiolkDaan7gV5W"},"senderMessageKeys":[]},{"senderKeyId":1485313553,"senderChainKey":{"iteration":13,"seed":"+fDOsz4jfbZp4uM9icD8hnammta8wwoSsd4atPlS2FU="},"senderSigningKey":{"public":"BQ9kkrll35gkxrCajp2l8tfMMPTIdxMOZu2lpkehat1q"},"senderMessageKeys":[]},{"senderKeyId":1485313553,"senderChainKey":{"iteration":4,"seed":"hFT+x1d7ZYWQ6pI3STzsZc/v7WnFG7m3y8DpTecV80E="},"senderSigningKey":{"public":"BQ9kkrll35gkxrCajp2l8tfMMPTIdxMOZu2lpkehat1q"},"senderMessageKeys":[]},{"senderKeyId":350532398,"senderChainKey":{"iteration":3,"seed":"xdz3EDBZ1HbjqzTgwtKk5NmPQW9+bXYd+/vC6kMK8cU="},"senderSigningKey":{"public":"BSJYxqry4+CTJjRH3q1Ywx2SVft2GoLOnTb1smoH0lAI"},"senderMessageKeys":[]}]