[{"senderKeyId":483710418,"senderChainKey":{"iteration":2,"seed":"CF3/Fsee6tqysFzw16U0tk6dCtgOz6oGJO2S8oat8Sk="},"senderSigningKey":{"public":"BWYedCAeGwDZhHgdC22eDERm45sUC1eigVem+5Nq9M4q"},"senderMessageKeys":[]},{"senderKeyId":1226301680,"senderChainKey":{"iteration":1,"seed":"yrMkq/i/VND1nlQtLU1f8qnhBTlLuJ2UtrkU/FHcXts="},"senderSigningKey":{"public":"Bdm4Ujkk1td2/fE3jtDmA6p9vY7Y3hn/jC/DrCbpKXol"},"senderMessageKeys":[]},{"senderKeyId":1057035747,"senderChainKey":{"iteration":1,"seed":"hdvnKN7/Pl5gFJu8RIGPfhtFvhUV+tW9okmZB940cvw="},"senderSigningKey":{"public":"BY9Ufw9GAOWB/La2BnqEMlNqMNXYHz35veS/mbXRBdIn"},"senderMessageKeys":[]},{"senderKeyId":544304847,"senderChainKey":{"iteration":1,"seed":"9LHDE84CXA+B+3MPSEs6DWOiVrwFhA8RuuVbqXtE3DQ="},"senderSigningKey":{"public":"BY6rb/uL8l5UPU243IytcPvcmzj1kOKCQjULRDbGbRxI"},"senderMessageKeys":[]},{"senderKeyId":674959636,"senderChainKey":{"iteration":1,"seed":"ECs3R/JIE78dJZuHGNGN/837cJJ3wnpP1JwC7YcTIRc="},"senderSigningKey":{"public":"BbUfdIfQ3cc3ihmBRySP9dKqkAI36MHzkoVctZBAuf4Y"},"senderMessageKeys":[]}]