[{"senderKeyId":2067948195,"senderChainKey":{"iteration":3,"seed":"0Ah4HqQT4Od/Vx0EDvb8rhzNBuUfQ/tSuJQ4mINBQ1g="},"senderSigningKey":{"public":"BVLC+tOOX9izSO0bHHdt+jGNyNuPJeZNCkzDYNRhaTJE"},"senderMessageKeys":[]},{"senderKeyId":986248641,"senderChainKey":{"iteration":4,"seed":"35TQrgkuq1fMsc6oPLHojqqbG4aVSagzkXmZgNlPhsg="},"senderSigningKey":{"public":"BSKekGUh1R1jteLwnhDFndDngitU51IzXgzLaZ6JAOQ7"},"senderMessageKeys":[]},{"senderKeyId":1194611025,"senderChainKey":{"iteration":2,"seed":"UPjMOmFgcgxOX19gI545saHVbzhtMhHrNxiGNE6As3Q="},"senderSigningKey":{"public":"BXe5qSBRP6bo7PBsAyrMqGe+62Uv3s9Fp0sM8kaoERtx"},"senderMessageKeys":[]},{"senderKeyId":257378822,"senderChainKey":{"iteration":1,"seed":"8X8dMzCSkLXOmswlnDrrw1PvKRS3BCqH3o11Zyuv5uk="},"senderSigningKey":{"public":"BdYZdXsadJlWzQoGTLRuklgsat/VZn1ggrq5CcEwfKEN"},"senderMessageKeys":[]},{"senderKeyId":1410989496,"senderChainKey":{"iteration":4,"seed":"/YabqBXRT/KJBYRrt6c6z1yw3pMn81P+snzqysKuZd0="},"senderSigningKey":{"public":"BaWooKjBcM3e/7KxinXF64TxwqAVck+C7bdKqKzHHzEk"},"senderMessageKeys":[]}]