[{"senderKeyId":1796785629,"senderChainKey":{"iteration":1,"seed":"PelEYjfZP/xtdmupgmqDNfaLdhqhPmN6N+RhVX9Mg3U="},"senderSigningKey":{"public":"BZ93SRf0xlXKNXBWr/qQCGlTzUItcM5a22L5Y1mtysBN"},"senderMessageKeys":[]},{"senderKeyId":214734376,"senderChainKey":{"iteration":1,"seed":"9+ND72zyRSm76ZaqxngaX0Dd4EG+WyJbkFHwLCz5VLQ="},"senderSigningKey":{"public":"BScWlpvHByW1smzO9GMbYCfOAtfwDin1FgCGt4HR96NV"},"senderMessageKeys":[]},{"senderKeyId":2016391171,"senderChainKey":{"iteration":5,"seed":"R7vwswcMQIPm0AzvFfbvR7tGS0Q+ldEptrW2woNhn8w="},"senderSigningKey":{"public":"Bd6ryfu1tYNbXv9MUnU2jrDkpPhTXRbzD0kUxY5l8bwo"},"senderMessageKeys":[]}]