[{"senderKeyId":1601541372,"senderChainKey":{"iteration":38,"seed":"QBY5oEjua9W4Ouxdi0Z1FjWMvACNEB4/M3ttvKZkBpM="},"senderSigningKey":{"public":"BQk+I2bmt4R/MglM5aqKzV1bXBNZYqXU1Ysn5pW6meZt"},"senderMessageKeys":[]},{"senderKeyId":26799014,"senderChainKey":{"iteration":18,"seed":"+v+f9nMqCJ2ESeee17qV3OqI6NZ+oi6nFCSIpkot3zM="},"senderSigningKey":{"public":"BQ20Mu5oHOkZmytsgaVCaioQo5S0mNs3A6FFry+NxD1p"},"senderMessageKeys":[]},{"senderKeyId":26799014,"senderChainKey":{"iteration":17,"seed":"Jjsl9oDR+TsgSqTv8CZbYIy1yAp2+1in2U+J09QQnmw="},"senderSigningKey":{"public":"BQ20Mu5oHOkZmytsgaVCaioQo5S0mNs3A6FFry+NxD1p"},"senderMessageKeys":[]},{"senderKeyId":1845493146,"senderChainKey":{"iteration":1,"seed":"7Ue4r4JRJ21i4jd61465FW/iL9ybcHOWAV4/Y57cXbQ="},"senderSigningKey":{"public":"BdHh81Dyvyv7c9MhNZ/DagpR2eeqsGScsNASkRjjPTUH"},"senderMessageKeys":[]},{"senderKeyId":397966002,"senderChainKey":{"iteration":2,"seed":"Ee3puwhwTA8/V4ZA8zwqABlZimtNimJCX7yHPftMPuI="},"senderSigningKey":{"public":"BUqKl4wJG+7d+doINDe4dMws/iB8U4nwbH4cmDg2E38e"},"senderMessageKeys":[]}]