[{"senderKeyId":1272500553,"senderChainKey":{"iteration":4,"seed":"J88XmT/Gl2M5rzl6QxveleOHho9azG93IZbkRTZgk00="},"senderSigningKey":{"public":"BayCxxJhgBaMF3+4id2g0kxrsR1nf/q+bNa3RNYU9Fx3"},"senderMessageKeys":[]},{"senderKeyId":1949741420,"senderChainKey":{"iteration":1,"seed":"ZfF7rT20dygXfxyDAXLbR9xEMpraVsKbCd84yWvY/VI="},"senderSigningKey":{"public":"BUBirqkmqsouZd60l+eLwiqOLgmek4Qdztpt//mFuNkc"},"senderMessageKeys":[]},{"senderKeyId":443794083,"senderChainKey":{"iteration":2,"seed":"vwhlPJAtlgPxvJ7wWxReDFZyj83cugP+3KtCl0/OoF4="},"senderSigningKey":{"public":"BcQtXOfdTOHP2R/JZPrbuEsIXLRxAwgZIvbF1xfdQfhb"},"senderMessageKeys":[]},{"senderKeyId":443794083,"senderChainKey":{"iteration":1,"seed":"q/B3yzH5+NQR+uzxb+R1uMspSECFV2BZvoUuhzv5oBI="},"senderSigningKey":{"public":"BcQtXOfdTOHP2R/JZPrbuEsIXLRxAwgZIvbF1xfdQfhb"},"senderMessageKeys":[]}]