[{"senderKeyId":1273932023,"senderChainKey":{"iteration":1,"seed":"ejVBl/nl46arbPlkxx+0oaVl+CEIY99bOJeGEG61oX4="},"senderSigningKey":{"public":"BeXJoAB09hlg2mXIEPGxkPnoYJ/7gCa7zMTXwus/UWkz"},"senderMessageKeys":[]},{"senderKeyId":1280136550,"senderChainKey":{"iteration":1,"seed":"J5MOmIQt1TqKMDtuiXf3EEUnTYSFHz8qPiEAbaXA9zM="},"senderSigningKey":{"public":"BX9L37Gi2lMYYlPLhOzdXs7kjFfEFWMAM5ylIySu6GBn"},"senderMessageKeys":[]},{"senderKeyId":249394821,"senderChainKey":{"iteration":1,"seed":"yVB8g3lIj4L9i/jiGPl4QfdP38wPow+ZQaUGQ/ecuBY="},"senderSigningKey":{"public":"BeSqZ3q8erDHk7WnAFKZkv2L1TD9FcKGqcmz0Icn+uFZ"},"senderMessageKeys":[]}]