[{"senderKeyId":1406278445,"senderChainKey":{"iteration":2,"seed":"sNwXXGy/Z9BXgP3gG7kMZV5wuiF5NGfYQ4X+3DLvZUE="},"senderSigningKey":{"public":"BRAHNsuplI7Rl+R/Bvl02lZ87O+uXZ92s00/1pn/hp1+"},"senderMessageKeys":[]},{"senderKeyId":532776555,"senderChainKey":{"iteration":2,"seed":"a+Nkg6Z4zIwn8J4XTlux6uL/olzQ9X5NV1rhiHalPTI="},"senderSigningKey":{"public":"BR2+6lXPR5sReWV1fpm417pavAgLFD4hHKBkdAaeUyQN"},"senderMessageKeys":[]},{"senderKeyId":532776555,"senderChainKey":{"iteration":1,"seed":"+JENYzDIsk3fUmzDBcU2Tq26GsqwfY+Zov3WT2Ci2pU="},"senderSigningKey":{"public":"BR2+6lXPR5sReWV1fpm417pavAgLFD4hHKBkdAaeUyQN"},"senderMessageKeys":[]},{"senderKeyId":245588643,"senderChainKey":{"iteration":5,"seed":"vWJWriT3/Av3HBXSqcFghDfzEaUNxJfIGB1qehWYCCM="},"senderSigningKey":{"public":"BTKVf+ND6MdrdBoiXgwm4rZklcBhGmOI3PhQXBG2m0Rj"},"senderMessageKeys":[]},{"senderKeyId":832136287,"senderChainKey":{"iteration":5,"seed":"QJYno/9iG+OnpRuq8fuu2wpxeBVMQ1kg3d8doy1m4eM="},"senderSigningKey":{"public":"BVcPQ9CZzQdpsonHSNuxEmu238TBTH4UNUfQUxhKalU/"},"senderMessageKeys":[]}]