[{"senderKeyId":1254815662,"senderChainKey":{"iteration":1,"seed":"ZoBj/sVZ0PYLG6rW5RiQ9PyTqt/8RkAOIfibHcEQh7U="},"senderSigningKey":{"public":"BevGfdrbcEVAH7tidQbbSeDCHvzpzdm8Y5ccK+UpDLtM"},"senderMessageKeys":[]},{"senderKeyId":935034084,"senderChainKey":{"iteration":7,"seed":"7RSYei8QVNOisgJgf6Old0ttrWdPtMTda38XnyXKAm0="},"senderSigningKey":{"public":"BaFFwy+b2aE0jtIOknrSZfCM6N8pl97ysgHE9DrHy2NK"},"senderMessageKeys":[]},{"senderKeyId":935034084,"senderChainKey":{"iteration":2,"seed":"3+tHXec65KWthNTAB0Pq+/zERHrm8mnnNM2BUUMMUlg="},"senderSigningKey":{"public":"BaFFwy+b2aE0jtIOknrSZfCM6N8pl97ysgHE9DrHy2NK"},"senderMessageKeys":[]},{"senderKeyId":935034084,"senderChainKey":{"iteration":3,"seed":"i7Hr5kHJvSoRQipabgVxYMvLWWrdlj5V4uqI54faoOg="},"senderSigningKey":{"public":"BaFFwy+b2aE0jtIOknrSZfCM6N8pl97ysgHE9DrHy2NK"},"senderMessageKeys":[]},{"senderKeyId":1978145563,"senderChainKey":{"iteration":1,"seed":"j+IUTPbOK8GyWHYYHzmGoUVWYKDwgdQ1kQPSVJ1rFkA="},"senderSigningKey":{"public":"BbMG2TPGMbDnXDYhjGtvgLSbzdM7gNDkbyZYLII5sitR"},"senderMessageKeys":[]}]