[{"senderKeyId":2089660077,"senderChainKey":{"iteration":1,"seed":"ebsaRTnnLnkpfaQKzyZcIhjhKBxBgmXKvJlzKVeHccA="},"senderSigningKey":{"public":"BX0DxaZeESX9RoatQCam3L28/oVfkQGl/q+YVH1Us3l7"},"senderMessageKeys":[]},{"senderKeyId":820908241,"senderChainKey":{"iteration":83,"seed":"yjzBh+bF5X2YlwjkK15p7LG01cFqvY1m0FUplmScYI8="},"senderSigningKey":{"public":"BYJQHU+mg27Y6bsVvTcx1tR497LMlF2GPSCuRtZ9bGgD"},"senderMessageKeys":[{},{}]},{"senderKeyId":1006851257,"senderChainKey":{"iteration":2,"seed":"aBjEK9NlMFBNehtcGgQEdIrYIcJafVBy/42hulxBs/s="},"senderSigningKey":{"public":"BU+9i9mItS6OjR1q1+HXAhRW+fB7xT/O7CIN0G9P8BsN"},"senderMessageKeys":[]}]