[{"senderKeyId":815219237,"senderChainKey":{"iteration":4,"seed":"0i59BuRPC3Ti0yfC96seeQtaCSUk7eJAboIQ8ME6gpE="},"senderSigningKey":{"public":"BeE+oNTpd9KCudo3aq5kf/8cHM2DsAV3RbnLTAhMJb8G"},"senderMessageKeys":[]},{"senderKeyId":815219237,"senderChainKey":{"iteration":1,"seed":"H45/rHDGDLY3uTzkOJ8QXllXF4927clF/5lDm0vPk/g="},"senderSigningKey":{"public":"BeE+oNTpd9KCudo3aq5kf/8cHM2DsAV3RbnLTAhMJb8G"},"senderMessageKeys":[]},{"senderKeyId":1558838513,"senderChainKey":{"iteration":2,"seed":"HY7l5JVN42uHjlMPQPZ0KBHrkrGJVRVZwKHn3uXuAUk="},"senderSigningKey":{"public":"BXUkQZnJBpiM7U/geGi9ZrI0GqLqZ3VVmWnd5mxkDAsZ"},"senderMessageKeys":[]},{"senderKeyId":1103761067,"senderChainKey":{"iteration":8,"seed":"NLRDeZyG+Y96NkUozUytH8qm6QJhWPir1shmIg8TLE0="},"senderSigningKey":{"public":"BZ0kkILqm25sM2VVyppcPy3GyIWQWX3R/GBAoAjwkOF+"},"senderMessageKeys":[]},{"senderKeyId":1103761067,"senderChainKey":{"iteration":7,"seed":"QTHJz6cCiach4V9HDiq7oycxrm3T9Isw7Ibo0nePW74="},"senderSigningKey":{"public":"BZ0kkILqm25sM2VVyppcPy3GyIWQWX3R/GBAoAjwkOF+"},"senderMessageKeys":[]}]