[{"senderKeyId":685450106,"senderChainKey":{"iteration":6,"seed":"UDAdQlBIxEsq6LrFHPL2wFGWIw6vHQR2YCCKuZsTBgw="},"senderSigningKey":{"public":"BQthmkDJ1IC1o7D6WVvmObt0q4kfPfCIQY1ExSZYxwYI"},"senderMessageKeys":[]},{"senderKeyId":1564269310,"senderChainKey":{"iteration":1,"seed":"56AfBTOzzbOXpVXQk6uG06zYoJW6PLEiKu3bYEKFr/k="},"senderSigningKey":{"public":"BXavPKRFHL0dI0+lr+55wGFFdjzeZeh8Ggt/yWWqymZv"},"senderMessageKeys":[]},{"senderKeyId":718811528,"senderChainKey":{"iteration":8,"seed":"5oTRuWANenuMZz/I49zLP0TyxXBkk5vtEIzpwThDrz0="},"senderSigningKey":{"public":"BQ9Rzh037lwVvP2DE4cM9wAR39bjF44ZgF6TUfpadBYn"},"senderMessageKeys":[{}]},{"senderKeyId":1704951923,"senderChainKey":{"iteration":4,"seed":"QhBIlnjnrNkzvvNiy2+uUEJyFhYYHB//7CLlzqb25ZQ="},"senderSigningKey":{"public":"BbgdgbUmAK0mE3MD3R+7Z7RDMP4G0kHkmTcG2BNtHvQB"},"senderMessageKeys":[]},{"senderKeyId":1704951923,"senderChainKey":{"iteration":3,"seed":"Tnej2pF9VfshYDTy3a2eYFmHIR0MBfZUusxPQIHNuVs="},"senderSigningKey":{"public":"BbgdgbUmAK0mE3MD3R+7Z7RDMP4G0kHkmTcG2BNtHvQB"},"senderMessageKeys":[]}]