[{"senderKeyId":1909780400,"senderChainKey":{"iteration":51,"seed":"nqL8lyUmdfoQOG+gJ6blUrfahzUORT7hw9WPzBzg04I="},"senderSigningKey":{"public":"BREep38L3B/s35SzylXM85/mWfkmJrsBERFfY75fbhJR"},"senderMessageKeys":[]},{"senderKeyId":739784767,"senderChainKey":{"iteration":15,"seed":"gfxXKu/kOmQJm2ei+4bK6UJJ4P2YvsW2v640DCJGYmg="},"senderSigningKey":{"public":"BR/T/XxshjpRUgkbNtABt76mT28BuFRpMyDFIHRM17NZ"},"senderMessageKeys":[]},{"senderKeyId":1562623294,"senderChainKey":{"iteration":19,"seed":"ujJNuom+DZFCN4vlQffiOplfUqkWBZCRj/I17Zs47g8="},"senderSigningKey":{"public":"BRG2Mk0mTDzpGh5YL7QNyl57/WjJNCX3mrxYU+PZV8B+"},"senderMessageKeys":[]},{"senderKeyId":710999176,"senderChainKey":{"iteration":21,"seed":"101PomKK26CzAIjMsfigaY6eqQwZW1PFXsOv1FlVUB8="},"senderSigningKey":{"public":"BRE5DSQ8OyHoFboXNGRlVFfSfsRudaXqiWTVTEYMU4xO"},"senderMessageKeys":[]},{"senderKeyId":710999176,"senderChainKey":{"iteration":20,"seed":"1pBW/Tq1RGbCHD3W2PNpcQlrEUZFUUPlNajWP2AjQvw="},"senderSigningKey":{"public":"BRE5DSQ8OyHoFboXNGRlVFfSfsRudaXqiWTVTEYMU4xO"},"senderMessageKeys":[]}]