[{"senderKeyId":1309868955,"senderChainKey":{"iteration":28,"seed":"ErxS2ROyPRquKQF+FtofHxvi08vdBU9bambm847awxI="},"senderSigningKey":{"public":"BY02UE/Yp8k8veTSSC8wAnJUWZdtatF7h4KDqiY51Ncl"},"senderMessageKeys":[]},{"senderKeyId":1309868955,"senderChainKey":{"iteration":7,"seed":"1jfTufKZ/ILDEUGcOe4iypFnVkwMNVvQLikyyNia55E="},"senderSigningKey":{"public":"BY02UE/Yp8k8veTSSC8wAnJUWZdtatF7h4KDqiY51Ncl"},"senderMessageKeys":[]},{"senderKeyId":1108563781,"senderChainKey":{"iteration":45,"seed":"DNLixAp0nZfre7ZWCfRMUURENG+Jhuew2rO8cMKbDm0="},"senderSigningKey":{"public":"BTeOZ13H39ysyScy1OD88o3KaUVXLU4hSyp4t0AkXjEG"},"senderMessageKeys":[]},{"senderKeyId":1108563781,"senderChainKey":{"iteration":2,"seed":"MXP0NRcWZmTygdsE8Uwjx0zyL+fLZd4sSMTb0S9tp1Y="},"senderSigningKey":{"public":"BTeOZ13H39ysyScy1OD88o3KaUVXLU4hSyp4t0AkXjEG"},"senderMessageKeys":[]},{"senderKeyId":1108563781,"senderChainKey":{"iteration":6,"seed":"vmP2M7l0tl1wF/rUxVoG45RUNzkAlGlXiOthleGlE38="},"senderSigningKey":{"public":"BTeOZ13H39ysyScy1OD88o3KaUVXLU4hSyp4t0AkXjEG"},"senderMessageKeys":[]}]