[{"senderKeyId":1525162783,"senderChainKey":{"iteration":3,"seed":"ghcQmbZHwH+51o2DPXbYJeVC5RT3qotiXHBzFQG4USc="},"senderSigningKey":{"public":"BTX0aHYWHkchDOstD6BhMtUrophfRvszU/RardfPiwZe"},"senderMessageKeys":[]},{"senderKeyId":1525162783,"senderChainKey":{"iteration":1,"seed":"ydf4zoH2pYLn/FQ8ZIQgyNj5K64xyU/2shAYHbjZ1ZU="},"senderSigningKey":{"public":"BTX0aHYWHkchDOstD6BhMtUrophfRvszU/RardfPiwZe"},"senderMessageKeys":[]},{"senderKeyId":391790031,"senderChainKey":{"iteration":6,"seed":"pfhBxfAjRSF23AjO7MqhVC2lar9I88vkqaNgm+MwdXU="},"senderSigningKey":{"public":"BSLAC/aFbAvWnCsoQaGfzi4XqjTTZ9dhLGsUyJUvedZl"},"senderMessageKeys":[]},{"senderKeyId":401734522,"senderChainKey":{"iteration":2,"seed":"z2qnBUKOYX3AglHHEFxKYh/moLPebOjzD2r4iuDNcbo="},"senderSigningKey":{"public":"BQdd/XIOBak5HSFLDd9MXrsBwzjoD0J43fVgb6Ao37UN"},"senderMessageKeys":[]},{"senderKeyId":1781119284,"senderChainKey":{"iteration":1,"seed":"HfGaORw3aE95QTIgGfil5ZDuEIOEiA11hL2gDNdCCZQ="},"senderSigningKey":{"public":"BWjWsHzX9QAQwgSbC1sumUJjsQ7Uf/Q9FNMc1QLm8K5h"},"senderMessageKeys":[]}]