[{"senderKeyId":1351520490,"senderChainKey":{"iteration":1,"seed":"ee8qjrnYheo4Q9CD5LsRBdanmxAuiPoL5Ri3xUHzqYA="},"senderSigningKey":{"public":"BXbzgz2Clx2Y2A3bB/pYzdsvK2ctN9XF//4sofIUM29s"},"senderMessageKeys":[]},{"senderKeyId":279831187,"senderChainKey":{"iteration":12,"seed":"zYdD0kOwbnryL4JkJKQrO83uniyGo/mUlEnE3MbMMlY="},"senderSigningKey":{"public":"BUGf0TECWhBzkEwucinSNLC+p9yeVgazX/pOORm+tw8v"},"senderMessageKeys":[]},{"senderKeyId":936082670,"senderChainKey":{"iteration":7,"seed":"HsdIrCGt3TE1I1U5OF4juvBB4yK+0pw6Odyv4Qz59RM="},"senderSigningKey":{"public":"BWLw2cHx9M5rTyTG7Ct+OV+zpTI86MQUIQK1grlhn2xR"},"senderMessageKeys":[]},{"senderKeyId":1412465882,"senderChainKey":{"iteration":13,"seed":"nWZ1oXvzDAPTPY+MjN2R6D5LHJ3+L6gUcK4i1jyXWJU="},"senderSigningKey":{"public":"BYXY2ercDKt48fHk+d2ol0hlhGdwHDiAmGnsvWUkHc9A"},"senderMessageKeys":[]},{"senderKeyId":1412465882,"senderChainKey":{"iteration":12,"seed":"IKMX4jV1Lp19/sAKeZ0p9KvPVL0lKe+4zpkepGoX+A4="},"senderSigningKey":{"public":"BYXY2ercDKt48fHk+d2ol0hlhGdwHDiAmGnsvWUkHc9A"},"senderMessageKeys":[]}]