[{"senderKeyId":1583666939,"senderChainKey":{"iteration":4,"seed":"P3vjr5Ef7lGI21aDbmVs77yflY53IXKh78b/nVXWqSI="},"senderSigningKey":{"public":"BVr/KbBbOlhaahmqgsCWu3t1ZWiHuf+ZJMO2z0laVsp2"},"senderMessageKeys":[]},{"senderKeyId":1583666939,"senderChainKey":{"iteration":2,"seed":"4ALO9pOcWl40Px5+EeK1i/xYRps67MViqrRhunhwVUc="},"senderSigningKey":{"public":"BVr/KbBbOlhaahmqgsCWu3t1ZWiHuf+ZJMO2z0laVsp2"},"senderMessageKeys":[]},{"senderKeyId":772822103,"senderChainKey":{"iteration":8,"seed":"Xsgxl7CHiK65iXnPaA2r6iqIlvE30tqx/lYr1VaPYmk="},"senderSigningKey":{"public":"BQ4oW3ZpG3xyeriVzvrVZQt7xlKTZ1Ng7uwb89BnvSQ4"},"senderMessageKeys":[]},{"senderKeyId":772822103,"senderChainKey":{"iteration":5,"seed":"seZxDRipNbKn1t+MPx+oClrxw+upUqYP1PWmaIlL+Pg="},"senderSigningKey":{"public":"BQ4oW3ZpG3xyeriVzvrVZQt7xlKTZ1Ng7uwb89BnvSQ4"},"senderMessageKeys":[]},{"senderKeyId":772822103,"senderChainKey":{"iteration":6,"seed":"psrQYby0T30Jf6f35V9+WepHxpvCteniwey1zS2D/zE="},"senderSigningKey":{"public":"BQ4oW3ZpG3xyeriVzvrVZQt7xlKTZ1Ng7uwb89BnvSQ4"},"senderMessageKeys":[]}]