[{"senderKeyId":1108535884,"senderChainKey":{"iteration":1,"seed":"182Tkg/urDIpqwcVup4rAUeKUFkYPqPoRgPkG/RT9bE="},"senderSigningKey":{"public":"BZnFUbX/PSbobHThVMZTELC+BGp9vrdSHYskU1k7FbdI"},"senderMessageKeys":[]},{"senderKeyId":968095991,"senderChainKey":{"iteration":2,"seed":"xkJaWs5XgHv8ZcdzYQJ7YEGEWxUdjIT3fLGymVA99Kg="},"senderSigningKey":{"public":"BXutONPyOU13I8rkEAky+SZjn4dZ2jbwyqWf38tV1fIa"},"senderMessageKeys":[]},{"senderKeyId":968095991,"senderChainKey":{"iteration":2,"seed":"xkJaWs5XgHv8ZcdzYQJ7YEGEWxUdjIT3fLGymVA99Kg="},"senderSigningKey":{"public":"BXutONPyOU13I8rkEAky+SZjn4dZ2jbwyqWf38tV1fIa"}}]