[{"senderKeyId":1968676852,"senderChainKey":{"iteration":115,"seed":"p+AZOLbFDPfGE7lo0p0Jh+Mvcss03PnL+D+eAdf0M4k="},"senderSigningKey":{"public":"BVtSCXe7wcUjRTmHWGpwLUeTqCpxGNXOk+zkd5oe/aQd"},"senderMessageKeys":[]},{"senderKeyId":510859761,"senderChainKey":{"iteration":149,"seed":"QtctTtdkqe1oeSCRpQcGyLh3Nb3C5TCsTpexvm6nyyU="},"senderSigningKey":{"public":"BeBIj2X4LrDiXZsMbC+m3cxTXBRIO0YfBHqcMhZOdVlZ"},"senderMessageKeys":[]},{"senderKeyId":510859761,"senderChainKey":{"iteration":95,"seed":"JORYaE4Gn4vflGrEp1EdFU4edSDevktP+VfeNNOxTiA="},"senderSigningKey":{"public":"BeBIj2X4LrDiXZsMbC+m3cxTXBRIO0YfBHqcMhZOdVlZ"},"senderMessageKeys":[]},{"senderKeyId":510859761,"senderChainKey":{"iteration":98,"seed":"uZ+XAfZ/VAHmcDMY5zQAds81mhTqdWHcVex49/V69Ak="},"senderSigningKey":{"public":"BeBIj2X4LrDiXZsMbC+m3cxTXBRIO0YfBHqcMhZOdVlZ"},"senderMessageKeys":[]},{"senderKeyId":510859761,"senderChainKey":{"iteration":122,"seed":"N3lQh44J3pfgGzQp+DJlVEfbfzYyU2uW0lmE+4XnYxE="},"senderSigningKey":{"public":"BeBIj2X4LrDiXZsMbC+m3cxTXBRIO0YfBHqcMhZOdVlZ"},"senderMessageKeys":[]}]