[{"senderKeyId":1792779345,"senderChainKey":{"iteration":14,"seed":"qPl3pLHiz9eM2rtaxe8qmxHyhiHHLf3muiafL8Vuxtk="},"senderSigningKey":{"public":"BWIQcF59nm1h6r/6Y/1Z5y2n7Yl43ox8E1V65HXJfK9K"},"senderMessageKeys":[]},{"senderKeyId":2117261136,"senderChainKey":{"iteration":77,"seed":"SKNt9gN2xj+gywRm91E19ofPFZu0j7skcRgi9BCCPco="},"senderSigningKey":{"public":"BcccxgjJI4RhEsTwgl46ogkLCDoGUvd7Wtuc8xu1W/9m"},"senderMessageKeys":[]},{"senderKeyId":1428155332,"senderChainKey":{"iteration":103,"seed":"tR43AHhJPA9nWAH5wXiZ1IkiSaO6AJFXyMFAul/Rfj4="},"senderSigningKey":{"public":"BbJZEMSr5lSMYpShkK7Q1zaj1sZ7ilNeQyYZilN1kn0J"},"senderMessageKeys":[]},{"senderKeyId":1428155332,"senderChainKey":{"iteration":50,"seed":"4uFmyCd7U2y1LqFsVgdnosdQeR7Tc8WnteEwwO0KhbQ="},"senderSigningKey":{"public":"BbJZEMSr5lSMYpShkK7Q1zaj1sZ7ilNeQyYZilN1kn0J"},"senderMessageKeys":[]},{"senderKeyId":1428155332,"senderChainKey":{"iteration":60,"seed":"wtlSejEj77vYKoygtUzHb6FjnM8w0baFvVWqhP73NQ4="},"senderSigningKey":{"public":"BbJZEMSr5lSMYpShkK7Q1zaj1sZ7ilNeQyYZilN1kn0J"},"senderMessageKeys":[]}]