[{"senderKeyId":2133960453,"senderChainKey":{"iteration":98,"seed":"45K4j/xzSY27jE2PIFmhgyXDRL9vobIF2TpYsWwnhk0="},"senderSigningKey":{"public":"Bcm/rtPrG+c5HhF6uCev2rhpslbrKDqKzCZj0XymR8kK"},"senderMessageKeys":[]},{"senderKeyId":1399819354,"senderChainKey":{"iteration":125,"seed":"JEn9audl5rgtC7y8WybP8FgZQ41G4ZCeWXIq7VWf02k="},"senderSigningKey":{"public":"BcIKroTnu051MlVWuHjMCn+nelkQ+H6GGFMYpNzUn1BB"},"senderMessageKeys":[]},{"senderKeyId":1399819354,"senderChainKey":{"iteration":55,"seed":"kjZMsAgh0nspurruBv8Q3StquCwYs4HbFbNpYZjQVao="},"senderSigningKey":{"public":"BcIKroTnu051MlVWuHjMCn+nelkQ+H6GGFMYpNzUn1BB"},"senderMessageKeys":[]},{"senderKeyId":1399819354,"senderChainKey":{"iteration":58,"seed":"Z5ELSQFarSkbnxHyGlAN5/UipAQwY6htfo8KSWM9RYc="},"senderSigningKey":{"public":"BcIKroTnu051MlVWuHjMCn+nelkQ+H6GGFMYpNzUn1BB"},"senderMessageKeys":[]},{"senderKeyId":1399819354,"senderChainKey":{"iteration":105,"seed":"4jWb0yOw0hKaDMz5u8Qtxcmqu0OiZdcenWJgBPnxxPY="},"senderSigningKey":{"public":"BcIKroTnu051MlVWuHjMCn+nelkQ+H6GGFMYpNzUn1BB"},"senderMessageKeys":[]}]