[{"senderKeyId":1776868562,"senderChainKey":{"iteration":3,"seed":"HFUU7UT+kXGKYQg/9ctTFoAJ7UUL//+HW/H3y8lEIEg="},"senderSigningKey":{"public":"BZfkhGnc8qbsAQhoo3LiMrPPdnQmGWppcMPPFshIppdC"},"senderMessageKeys":[]},{"senderKeyId":885266325,"senderChainKey":{"iteration":1,"seed":"Y1eFOzDql0waeK3jakIDvp84mMmKTz0F3Ra6udTpPko="},"senderSigningKey":{"public":"BXVI+JFv/QAEXhBCZqut7R1VJPKBNboKIUrKvOmi6Zsi"},"senderMessageKeys":[]},{"senderKeyId":1116986171,"senderChainKey":{"iteration":7,"seed":"sPyV7xY3cI0LQlk/k/cPBuonEdg0Zbt8YoMnSC2zonw="},"senderSigningKey":{"public":"BXv4miFDUAEKRq1UxHX56rm/tyTiB0eHXittBMcmJTcj"},"senderMessageKeys":[{}]},{"senderKeyId":1116986171,"senderChainKey":{"iteration":3,"seed":"Dc3qjoOCtsn0Z0z9i6sJ/Mwnqj9G0qUzvR+syPA0EmY="},"senderSigningKey":{"public":"BXv4miFDUAEKRq1UxHX56rm/tyTiB0eHXittBMcmJTcj"},"senderMessageKeys":[]},{"senderKeyId":22446767,"senderChainKey":{"iteration":4,"seed":"dLVcLswCK4VT/25F0wcIpw7Pb2efi2ojYvXz8fCVS+Y="},"senderSigningKey":{"public":"BZgsgFLhS4DMi3Wbv0/HnARRuEP8RxuhKQCIHGakqwZj"},"senderMessageKeys":[]}]