[{"senderKeyId":1064141811,"senderChainKey":{"iteration":1,"seed":"r+yfuQDMHR6VtiK6Wu5HzPVcTNihLkYw10s576yQks0="},"senderSigningKey":{"public":"BV2v6LsU7HG4dkSsI+Ixy2bTGd3pyd0sLbC9xsBwAcsS"},"senderMessageKeys":[]},{"senderKeyId":1443314679,"senderChainKey":{"iteration":1,"seed":"g91VI1yHPq4gPRy5h6NLTEn41ccwdeGNcg993Upnj/4="},"senderSigningKey":{"public":"BecS0D2M17zdWWig/1az8g/1K6CsoN9Kt2erRSB1DZVN"},"senderMessageKeys":[]},{"senderKeyId":618521899,"senderChainKey":{"iteration":1,"seed":"e8Kuq1J7KH+CKSobi2/J4R+4nrUSYIN3eOUOx+omFUs="},"senderSigningKey":{"public":"Bcx4uXm0037dvs7GPAnu8wzhqZIPZ+4r4APaDGuI/M0b"},"senderMessageKeys":[]},{"senderKeyId":834833971,"senderChainKey":{"iteration":3,"seed":"PrXAsXQwptB9BRCnHVmWlln4uVRx4cr4izOaZ3GC1uQ="},"senderSigningKey":{"public":"BWGYPoXK/OB9D9gRYb+yvh6kMdyz64AKWhFznUqT+OME"},"senderMessageKeys":[]},{"senderKeyId":2036601859,"senderChainKey":{"iteration":1,"seed":"44FxD4pKdteMlUHxAVHy+CifPCqvpDUXqm6iwKnezr0="},"senderSigningKey":{"public":"BWPxpYDM3gqG20LnTv2SPe4PzIIka4YJOP/dKLsC4Bcp"},"senderMessageKeys":[]}]