[{"senderKeyId":1024533526,"senderChainKey":{"iteration":2,"seed":"8CyK5ew1p/UYMbhWXRrs9rII2eDYgp2xIceKF2dLvXU="},"senderSigningKey":{"public":"BcUM59H2pDNLSNWH7SmIF8ReKCWEsuKQNOcSzbRVGaED"},"senderMessageKeys":[]},{"senderKeyId":1114691946,"senderChainKey":{"iteration":1,"seed":"VuOZbosjQ9i5vylWfivaZnqeFwvsxx051r+mJNIysPM="},"senderSigningKey":{"public":"BQNriM8GlcKftIHw7Luy4aRTJ+MWMipYe8wZJ03ajkY2"},"senderMessageKeys":[]},{"senderKeyId":295134009,"senderChainKey":{"iteration":1,"seed":"5Y9hoPYvnpjF+2dYI2pP3saKx5d5wXxTkzRaxtalYAw="},"senderSigningKey":{"public":"BUYwGmmfMSHQ3VWtX/qMNboiNYWz+8uIwJRjVf+o2cwL"},"senderMessageKeys":[]},{"senderKeyId":2032098968,"senderChainKey":{"iteration":2,"seed":"b1EHhNHNDdUaxJ4dXhbDUxSB+q7QYHnr1RYm1GW6qPI="},"senderSigningKey":{"public":"BZJUpGWUGjO/h0Ne/Ni4iwgAFAI7Wqi6P2Q6OeMlR6Ed"},"senderMessageKeys":[]},{"senderKeyId":1924749150,"senderChainKey":{"iteration":20,"seed":"WyEquaOTFEdPdCDmedETGEHZv+A0JcJCOtfz4YvHkqg="},"senderSigningKey":{"public":"BaPOTH0MLIYQq/FeDLoFKkqoFAoISIoTBZt0vHfXOFxF"},"senderMessageKeys":[]}]