[{"senderKeyId":153880203,"senderChainKey":{"iteration":2,"seed":"pveQ7dzBsKhHp1qStXseL9XNLziqoZ3sKiv3qiYA+EE="},"senderSigningKey":{"public":"BSj5MTmwIBH93uZwrFfNsWLMm/4Ni1gQ0Fr2GSUggGo3"},"senderMessageKeys":[]},{"senderKeyId":1861328885,"senderChainKey":{"iteration":1,"seed":"UY+Tl9L38BSQBDITdmZyMjIu/voUSy8vF4z66kIYCo8="},"senderSigningKey":{"public":"BZmWWHF6xEduVWsbQyFu6DQqOeVaWw4Y6wPfeSmv+e1F"},"senderMessageKeys":[]},{"senderKeyId":1655836106,"senderChainKey":{"iteration":1,"seed":"t6VoLBRPM/zp0w1jNihlk3sSKj+9KNAdPRyHkqqKL+4="},"senderSigningKey":{"public":"BR8M1ySgefjWnH7N3Z5liiYUdn5khGfG6VqxyJXOpx5Y"},"senderMessageKeys":[]},{"senderKeyId":5881900,"senderChainKey":{"iteration":1,"seed":"KUf9SjT1xKO9YYtbObfZnfPo+e2mxb+Lrr8YCUD0uKk="},"senderSigningKey":{"public":"BZhbAgWYB6DbsBggDaWCrrsuAE/YPxH01lD/yV7CS6t1"},"senderMessageKeys":[]}]