[{"senderKeyId":1702470091,"senderChainKey":{"iteration":4,"seed":"Q1fa9aKO2/Y708M8E9uiiaJP++L6mvRcK+SLTIYBmkg="},"senderSigningKey":{"public":"Bd0gS15F0D3TiKOcYI/ZQLK1Ug+j2nUvVF9xlzfzXuBu"},"senderMessageKeys":[]},{"senderKeyId":382142279,"senderChainKey":{"iteration":2,"seed":"pUSUpYNjx9GIbgeVkOp6nWRLEwfdHVIThqrcwZC8NEU="},"senderSigningKey":{"public":"BeZCRzq6uZfVkjhpiFPyvzyC/ZawsXIseLL012fpjF4J"},"senderMessageKeys":[]},{"senderKeyId":1444818449,"senderChainKey":{"iteration":2,"seed":"btfaO4xdXYxLl8RLsOFDKvaJ7BRAe+iwOB4jGWTyy/I="},"senderSigningKey":{"public":"BVlSf0exdIvBOJNCXhYgfS/WCdT4x8z0Q/5Ei0MUV500"},"senderMessageKeys":[]},{"senderKeyId":1954104690,"senderChainKey":{"iteration":2,"seed":"yYnrAgDq9ce+nmejqmNawZPsQE1xQdPANEUuAldR0gE="},"senderSigningKey":{"public":"BbxjxN1t578wz13HEepKw8biBxj+59LNL2cDaADHrbJc"},"senderMessageKeys":[]}]