[{"senderKeyId":763148772,"senderChainKey":{"iteration":1,"seed":"ar8YWGCs5nxaQ8NRUE9zPJsprsfEAheLwakwsWI2eKg="},"senderSigningKey":{"public":"Ba2Hx9caUw2h2NVnD9gLv5b2pNHm1uuvOWFINnMNVuJA"},"senderMessageKeys":[]},{"senderKeyId":50023618,"senderChainKey":{"iteration":1,"seed":"nB2HCEUVRMpJvvROahyG1V1JO1MQbyfKy80MzzP66ZM="},"senderSigningKey":{"public":"BW1DgKEwoXB8cEiUPIG15GJTvt7SnRlKzqsaeuOmxEpp"},"senderMessageKeys":[]},{"senderKeyId":91427802,"senderChainKey":{"iteration":2,"seed":"tKDlalEOQwU5LOMQ5k4RIrFVD0AsRHPXToO/ht18fQ0="},"senderSigningKey":{"public":"Begl6ggdppfPqkNue1oxw86nsJ6ZqdkyFTKR1+WwzA1+"},"senderMessageKeys":[]},{"senderKeyId":91427802,"senderChainKey":{"iteration":1,"seed":"u1jvJ85BUrMY671kFG4SR1BNiFXnBHpo0pBTIv12RD4="},"senderSigningKey":{"public":"Begl6ggdppfPqkNue1oxw86nsJ6ZqdkyFTKR1+WwzA1+"},"senderMessageKeys":[]},{"senderKeyId":1455215882,"senderChainKey":{"iteration":1,"seed":"kFKstBURdsGgCGkod42YDdaGyy4STVy9CBUmtEGtwMw="},"senderSigningKey":{"public":"BadeAkFsb3+I9CcxOAhFBkNaX+wSnXBXHxri7AHuwVh8"},"senderMessageKeys":[]}]