[{"senderKeyId":1366255344,"senderChainKey":{"iteration":1,"seed":"sHP3nPFB5ft57yzBhu2JQjJn79tBCPbFdQgIeBC9NZc="},"senderSigningKey":{"public":"BTedQMMbZ7tx+0ITQpOlJY0J0yBodG8aqc6ZPshZf1c0"},"senderMessageKeys":[]},{"senderKeyId":26362357,"senderChainKey":{"iteration":2,"seed":"TLF8XcCn/B2RpfziIFt9CyiLEfJbUbF8KbU8/5Rgexc="},"senderSigningKey":{"public":"Be6qEUlYPg1+PIVjyGPzwZmk/CtRHW2fgVoA8U5W4Xp+"},"senderMessageKeys":[]},{"senderKeyId":26362357,"senderChainKey":{"iteration":2,"seed":"TLF8XcCn/B2RpfziIFt9CyiLEfJbUbF8KbU8/5Rgexc="},"senderSigningKey":{"public":"Be6qEUlYPg1+PIVjyGPzwZmk/CtRHW2fgVoA8U5W4Xp+"},"senderMessageKeys":[]},{"senderKeyId":99891653,"senderChainKey":{"iteration":1,"seed":"yFU7P8We29Ag8++h6lJsCR+piSTJHp7i/RcHQdLWD/0="},"senderSigningKey":{"public":"BWWsEfl+BLm1aqb+K42XxrebjXrrjkj03s2fYctDZGxY"},"senderMessageKeys":[]},{"senderKeyId":864456501,"senderChainKey":{"iteration":1,"seed":"cz7S11LZKbNGqEezetq2SRUD/rdkVFhaHv70VLBYL6g="},"senderSigningKey":{"public":"BYx7CpTPxyjgy8kTZn/qNqVCNOxVuwqD3/WZ6Wqb2Kpg"}}]