[{"senderKeyId":264183618,"senderChainKey":{"iteration":12,"seed":"dJhkwdReICR1UMzhwb64yc7erby03Kiv5Hfu+dXbKd4="},"senderSigningKey":{"public":"BZFh8B0JPe188KMRgBSzVWyMAbyUU83wX8kwlbAdZugu"},"senderMessageKeys":[]},{"senderKeyId":1082315058,"senderChainKey":{"iteration":2,"seed":"1l39jj1WeVD8rmipJQLxvyHJb6shguSPamWuz9IddlI="},"senderSigningKey":{"public":"BS2NoUG9VgWpntE62M6Af2EY9Kxo1eLcvEAoImV91ZIE"},"senderMessageKeys":[]},{"senderKeyId":2092452212,"senderChainKey":{"iteration":75,"seed":"fvoiG2rN7IQU6Q/7Wc5N5BVnnvf1qFTC0kaWjKa8DNE="},"senderSigningKey":{"public":"Bcn0eof6jxp7Lo8QWfVbY6EjH7G/DUdxlwkHojm7h8Yg"},"senderMessageKeys":[]},{"senderKeyId":1521992440,"senderChainKey":{"iteration":5,"seed":"j1qeHLL42uYreNOdDAxS1OWph56/RxeJ6NsZ1uFGPL8="},"senderSigningKey":{"public":"BbpTeYaoICUTx7wnxfFouFfH9Fy/9Q8kP3Cj1dhd3Uhr"},"senderMessageKeys":[]},{"senderKeyId":965900016,"senderChainKey":{"iteration":7,"seed":"wYo7bWOnHweqVa8H078l09hV/SPqOkw2KM4Cr3MPg2w="},"senderSigningKey":{"public":"BTq9xKmoVhdfmdvshMdnJ0xwXnwp8tCGoJyqXCKJSBkb"},"senderMessageKeys":[]}]