[{"senderKeyId":1811807385,"senderChainKey":{"iteration":5,"seed":"J7U4GDp8u01jqrVfv3l8RxADNVflLikVUhfnVrZ8Lj0="},"senderSigningKey":{"public":"Ba+X8BNX0lFSLQQL2ZyrZjccByOmVpWd3z9xWgptZYFx"},"senderMessageKeys":[]},{"senderKeyId":1993757525,"senderChainKey":{"iteration":14,"seed":"Y1qFpDQ7pzcIxspBUUUsRAK/RruV7lQSsigmJCqPDMc="},"senderSigningKey":{"public":"BZQ1k/dA9XzCVJv3dhNbrHYPtBIwLtcxOlX7lyHqEW5+"},"senderMessageKeys":[{}]},{"senderKeyId":1422587850,"senderChainKey":{"iteration":26,"seed":"ahLBOAnUcNanEPoELWikL7f6Q4L+2WyP2HSjl9MNJzI="},"senderSigningKey":{"public":"Bf5CyrolIsm0VQ9Cnosf2BYTlSwio9/foXvDwaIwPGpG"},"senderMessageKeys":[{}]},{"senderKeyId":1422587850,"senderChainKey":{"iteration":24,"seed":"iBQey4QFZwLPuMSHY+6L4jD2dql54/OMudsmvrQxwNI="},"senderSigningKey":{"public":"Bf5CyrolIsm0VQ9Cnosf2BYTlSwio9/foXvDwaIwPGpG"},"senderMessageKeys":[]},{"senderKeyId":1422587850,"senderChainKey":{"iteration":25,"seed":"bDOxkQKDzJmTUZRTMI44U82U7WvkqjZGjagycb9CqvE="},"senderSigningKey":{"public":"Bf5CyrolIsm0VQ9Cnosf2BYTlSwio9/foXvDwaIwPGpG"},"senderMessageKeys":[]}]