[{"senderKeyId":1708986332,"senderChainKey":{"iteration":1,"seed":"x0Fe586ZBa+HmE0dT6PTnWaNJylwAyfO/AfO9BoEazk="},"senderSigningKey":{"public":"BS2kd/M9NWD8nY4r+lq/ohaVJN84E89iVk3sfuWtGG9w"},"senderMessageKeys":[]},{"senderKeyId":1184042124,"senderChainKey":{"iteration":4,"seed":"vqe+MSCIHIX0ye8DtMC3E76hNgnpQUHh9qnRLg9XpwA="},"senderSigningKey":{"public":"Bb6Zjs1p7idh2kFcJ/hEWHyQNy744K2usIb9CdHLTv45"},"senderMessageKeys":[]},{"senderKeyId":1184042124,"senderChainKey":{"iteration":2,"seed":"5muqVwD/jKNMFdahgPKmp1TdOUNWRom93+RkSiyO40E="},"senderSigningKey":{"public":"Bb6Zjs1p7idh2kFcJ/hEWHyQNy744K2usIb9CdHLTv45"},"senderMessageKeys":[]}]