[{"senderKeyId":1952786319,"senderChainKey":{"iteration":8,"seed":"sQZed0L65ihVsxmfsoFYQX6GMO9LDLW0yfQWjPkMAZU="},"senderSigningKey":{"public":"BS8WRysF/W+AYjb2NtU8q0/KmBnfddBf/ewvpqdmze1M"},"senderMessageKeys":[]},{"senderKeyId":1952786319,"senderChainKey":{"iteration":2,"seed":"pMKZ+oTU0YVc7HWOuJ/bkKd8Wz8ryLvlUeapCr4OYO4="},"senderSigningKey":{"public":"BS8WRysF/W+AYjb2NtU8q0/KmBnfddBf/ewvpqdmze1M"},"senderMessageKeys":[]},{"senderKeyId":1952786319,"senderChainKey":{"iteration":5,"seed":"MZb6bxmenLbE1QsbO4789NZOxw34vuvhCAjMeRtppxU="},"senderSigningKey":{"public":"BS8WRysF/W+AYjb2NtU8q0/KmBnfddBf/ewvpqdmze1M"},"senderMessageKeys":[]},{"senderKeyId":998572957,"senderChainKey":{"iteration":11,"seed":"DixzwVlI3dv88IvPHiZFPBz9diYiny8Lk5EAHaGTlwA="},"senderSigningKey":{"public":"BffXM212QL54voCFtuZE1CUlNUahRknOEmnQjiBt6a55"},"senderMessageKeys":[]},{"senderKeyId":998572957,"senderChainKey":{"iteration":3,"seed":"ulB6rHobs+AgO/GqJyI2Ibu567yGlt3tSo3M9GO9Nd0="},"senderSigningKey":{"public":"BffXM212QL54voCFtuZE1CUlNUahRknOEmnQjiBt6a55"},"senderMessageKeys":[]}]