[{"senderKeyId":1997511469,"senderChainKey":{"iteration":1,"seed":"OmVgL5GHDB+leHI18uvcmB7VlyEBr6bStU3i04WgrPc="},"senderSigningKey":{"public":"Bbx0Pm3jsppEdzOPtCgfUzVjD+nEqtI9hvaUoFHP56p1"},"senderMessageKeys":[]},{"senderKeyId":1846610132,"senderChainKey":{"iteration":2,"seed":"G9jWdwa+EM/mLuPAGTFkkdpz7woRM2s8irC+IHE/H70="},"senderSigningKey":{"public":"BZCHXy2aYwGdbXMIgeAd9cnO0WD0uK+rkK4XTEl44qoH"},"senderMessageKeys":[]},{"senderKeyId":306076226,"senderChainKey":{"iteration":1,"seed":"aEYS1oYq/H9TvLaIAFsvPs1k0C8a1uphvsdurHs8mjs="},"senderSigningKey":{"public":"BTxv8YcH4w65L31ZEgbteNQjOnXwj57rbQeapf39fK8M"},"senderMessageKeys":[]},{"senderKeyId":1379457820,"senderChainKey":{"iteration":1,"seed":"sbXBIPgIl4g4b34Fj1ZSI6Ih6yshkUdR3fFcII0uJOU="},"senderSigningKey":{"public":"BQB7j8xQphObj4Zw9XTUUhbNZV/FPv/KXnoxiQ1iVg5D"},"senderMessageKeys":[]},{"senderKeyId":69421356,"senderChainKey":{"iteration":4,"seed":"qcOO3QQSIrEYTXTahDFnW9Blut07xVCQJw5CL3T3ooM="},"senderSigningKey":{"public":"BU6wzq0p81vyHHK2+lonPSWo1Yd4Kx3J9N8iPcqLbDJd"},"senderMessageKeys":[]}]