[{"senderKeyId":1841463741,"senderChainKey":{"iteration":5,"seed":"dLy0vKzx2lsZdaURd5rZNsRIa0rbgDqhZX9oTS8jI/E="},"senderSigningKey":{"public":"BWfXMye9+xqI/XAt+mAmxPz5OqfaWhKC6JhU6LBNe1lE"},"senderMessageKeys":[]},{"senderKeyId":1841463741,"senderChainKey":{"iteration":5,"seed":"dLy0vKzx2lsZdaURd5rZNsRIa0rbgDqhZX9oTS8jI/E="},"senderSigningKey":{"public":"BWfXMye9+xqI/XAt+mAmxPz5OqfaWhKC6JhU6LBNe1lE"},"senderMessageKeys":[]},{"senderKeyId":1841463741,"senderChainKey":{"iteration":5,"seed":"dLy0vKzx2lsZdaURd5rZNsRIa0rbgDqhZX9oTS8jI/E="},"senderSigningKey":{"public":"BWfXMye9+xqI/XAt+mAmxPz5OqfaWhKC6JhU6LBNe1lE"},"senderMessageKeys":[]},{"senderKeyId":2087661907,"senderChainKey":{"iteration":1,"seed":"aM1ciTN1bcsHEm5ntMaAE1UHIe7belUAKsje+ifX4uA="},"senderSigningKey":{"public":"Ba7Pz2xtud3TbwRTU/+xhVKVq86OCqNAtyw6Olm9DD4E"},"senderMessageKeys":[]},{"senderKeyId":336069706,"senderChainKey":{"iteration":1,"seed":"Ykm+zWiRq86tMcpdf3Sz2zQVk82FdStMJ3K0+hAluls="},"senderSigningKey":{"public":"BdCqyXKKKQoAHQutxWjhtnu0pwsIGzqczFTMfNgLFvJ/"},"senderMessageKeys":[]}]