[{"senderKeyId":140862452,"senderChainKey":{"iteration":2,"seed":"WFAE0oeRsPxsToKJa7WMhL2KRpnFavistDW5hrBca6Y="},"senderSigningKey":{"public":"BQYDrAYqpER1En9QWPGVUQFTs40nrDupSITG3i7gKh92"},"senderMessageKeys":[]},{"senderKeyId":845489907,"senderChainKey":{"iteration":37,"seed":"/26Yh4NjcCCf+gSxqJxDx/fQ7ZFdXbDxi9aEB8aeBZ4="},"senderSigningKey":{"public":"BZh7dX0v3DhHUEvY7+4NBPrxOjRXkMcQwovNOLwpQCt6"},"senderMessageKeys":[]},{"senderKeyId":853233382,"senderChainKey":{"iteration":44,"seed":"WIgWwpzgQf/CNAKWsUZ9hmeMUrI+C/so746h77PJ+4g="},"senderSigningKey":{"public":"BS5K0xwPDqir9a5p7T8oUizePfDj2EaOLv83I0ufUksq"},"senderMessageKeys":[{}]},{"senderKeyId":853233382,"senderChainKey":{"iteration":31,"seed":"zSKgErPzXqrD0iFUXl6FpJMvZ899E1AJw7+S/wEfToY="},"senderSigningKey":{"public":"BS5K0xwPDqir9a5p7T8oUizePfDj2EaOLv83I0ufUksq"},"senderMessageKeys":[]},{"senderKeyId":853233382,"senderChainKey":{"iteration":34,"seed":"FTdX2M6BY/trwTTFS+L5IlsL418jYj5zhjJi5IUs/lg="},"senderSigningKey":{"public":"BS5K0xwPDqir9a5p7T8oUizePfDj2EaOLv83I0ufUksq"},"senderMessageKeys":[]}]