[{"senderKeyId":177597584,"senderChainKey":{"iteration":21,"seed":"OPqvVwTZhLAxJEvwkrFOCMQJumi7Yj55eOgBwhS+hTc="},"senderSigningKey":{"public":"BeJ+022Of/hMbBUzocY7+exVGKAOXJKXXANzsgvZZnlA"},"senderMessageKeys":[]},{"senderKeyId":177597584,"senderChainKey":{"iteration":1,"seed":"eg2FEcYs20UFx8G0+Vm5A4aInPFFqZA4nz836FerDcM="},"senderSigningKey":{"public":"BeJ+022Of/hMbBUzocY7+exVGKAOXJKXXANzsgvZZnlA"},"senderMessageKeys":[]},{"senderKeyId":761358461,"senderChainKey":{"iteration":3,"seed":"DTUOp4nHqWQYxoCmJc7v0MrbWuvIExMLq0j8jj4if/I="},"senderSigningKey":{"public":"BfT/YyXB1U3Iagmc8Up4sJ9JMIu9tYJYhJdnGyodP0c4"},"senderMessageKeys":[]},{"senderKeyId":1435633143,"senderChainKey":{"iteration":1,"seed":"isQ3Pqz5ehgI+yw7tfJi5PBnaEv8TgHa0DsGRU5MHAQ="},"senderSigningKey":{"public":"BXU22Jm91+M9AbcIys6P2IalP5+CZr4NiXCX7riPaAMC"},"senderMessageKeys":[]},{"senderKeyId":1612508852,"senderChainKey":{"iteration":2,"seed":"g3FVjzrmhp+VQvDS9f7BYWObqwj64stEbAQJao6khc8="},"senderSigningKey":{"public":"BWmCvJIIrfcB0SK/iTVPlhuY/RDD+rEHkxydSMWOpSMD"},"senderMessageKeys":[]}]