[{"senderKeyId":1651490176,"senderChainKey":{"iteration":6,"seed":"exr9GtShilc6GE5HSOp8hzUs71o19nOsrEDWtoASxaU="},"senderSigningKey":{"public":"BUaB46rk7jv8SkWr41CHgqMRhHMd1qtTxb/nPvGVBjhQ"},"senderMessageKeys":[]},{"senderKeyId":1307942562,"senderChainKey":{"iteration":5,"seed":"o8uqxvugG9eUS1Z4fuT9FVlaofTHZt6JktL88kLzHIU="},"senderSigningKey":{"public":"BeOFO0zmK/EPbhQiRXrZu2KL1OJqT7UZNoCyzAlyZIpb"},"senderMessageKeys":[]},{"senderKeyId":543769093,"senderChainKey":{"iteration":7,"seed":"CXOOQ9qDE9nCW9H68un2VRZ/l2+AoACqPzMWg1Yj8QI="},"senderSigningKey":{"public":"BWHvOuQlp/IPk4IHkVD2DlNVcHdqCw9Y4m6jZPJMJIIQ"},"senderMessageKeys":[]},{"senderKeyId":523398441,"senderChainKey":{"iteration":8,"seed":"GqpW0iS0g8Nqtz/8bdMVd+St2wUo9Rx7tqan4VsbEZk="},"senderSigningKey":{"public":"BS6WXqiRF5QBoHD9wVACSGkvQPVDYFqG5xwhHUtq5/9Z"},"senderMessageKeys":[]},{"senderKeyId":300206197,"senderChainKey":{"iteration":1,"seed":"DUa4GJaq9YZ7icFVlVWJWe5erFD4CJr7g/nOTaiF+4U="},"senderSigningKey":{"public":"BaQ3zdwBCmd8BjV1aX/PIVFS8mbeh0WSg5ri23dJkb1L"},"senderMessageKeys":[]}]