[{"senderKeyId":2139321975,"senderChainKey":{"iteration":21,"seed":"nnRxeXwiza1rZwpkYdrHY48AmjaeISTX/J5ctqYsgeI="},"senderSigningKey":{"public":"Bf1SqLTU4d9UcK0gKV5iBoJPT8YjUYADAb0wRKS1Wapj"},"senderMessageKeys":[]},{"senderKeyId":1716230726,"senderChainKey":{"iteration":1,"seed":"m/t3ugCwXs1kka9orCqJTqt+MmGjbDyGfc6wtZvaOYM="},"senderSigningKey":{"public":"BYgcOtkBy1nSIffMRRe7TgJ/fVzMvkN/OV9wtUzhUw4o"},"senderMessageKeys":[]},{"senderKeyId":1392976239,"senderChainKey":{"iteration":30,"seed":"hT11LjP41bYYK3uIbwKDouQLW6NNgZc2435LyJ8JUIg="},"senderSigningKey":{"public":"BThMfYkBcI03/gxt3IkGYZvcRBxSIqiE0F5K1sRXDPhc"},"senderMessageKeys":[{},{}]},{"senderKeyId":1392976239,"senderChainKey":{"iteration":3,"seed":"7k6T988BN6TWkswNaY9pnpihx8fGdcd/EXvTvQQzX5c="},"senderSigningKey":{"public":"BThMfYkBcI03/gxt3IkGYZvcRBxSIqiE0F5K1sRXDPhc"},"senderMessageKeys":[]},{"senderKeyId":1392976239,"senderChainKey":{"iteration":19,"seed":"d9ogZUSV50/yOBXTluwxQ7UF2x3W9Jftb7xUK5EwOBI="},"senderSigningKey":{"public":"BThMfYkBcI03/gxt3IkGYZvcRBxSIqiE0F5K1sRXDPhc"},"senderMessageKeys":[]}]