[{"senderKeyId":1794931243,"senderChainKey":{"iteration":1,"seed":"MsB9zhfcb+IKlKd4wNQ1AfxjBu1xWnVqxFoVKg1GvpU="},"senderSigningKey":{"public":"Bdo8ykIw6jZeAf4nDkzp5s1HNHn6fTlzLMQZGxnoUTM4"},"senderMessageKeys":[]},{"senderKeyId":1544374743,"senderChainKey":{"iteration":1,"seed":"P8f5ZZNueEwWZP6bJlMhRXVovUwMEmRjjupEwbO5ql8="},"senderSigningKey":{"public":"BZeQsRXvF66aGZojNtPffzK30uy2ADMLMsF8oRhoXxov"},"senderMessageKeys":[]},{"senderKeyId":295702282,"senderChainKey":{"iteration":1,"seed":"j8ejLMDIDNR42+kArKcH+MPpg2D2QKDEbh3LxqLwmkc="},"senderSigningKey":{"public":"BbPsPx7bvzPNwfig9mzKvbbbUoF6bqHjoK592Rx9u00q"},"senderMessageKeys":[]}]