[{"senderKeyId":623317227,"senderChainKey":{"iteration":1,"seed":"E9Wz2yjRAFFNIv4QajoXhP2m4xaKbLWjYcsyysDuH5Q="},"senderSigningKey":{"public":"BZF8/Til2+H77NJ/T81zVEJbFMxlywYt3/VFNL26U51P"},"senderMessageKeys":[]},{"senderKeyId":1388037137,"senderChainKey":{"iteration":1,"seed":"vBpaR6yKY3agu7Eic+1KtfJ5Lcq1DgD/lKGwsLUhRZk="},"senderSigningKey":{"public":"BSwUQpFndvpT03CI0HyFIoZid7S1MhMvHQmRGfi9FfJF"},"senderMessageKeys":[]},{"senderKeyId":1817439361,"senderChainKey":{"iteration":2,"seed":"BTVLfHjEXASFxmmNyxdiZKR6znz4ntCdpfqOoeh6KAc="},"senderSigningKey":{"public":"BceCVOGTOCqRWWHoL0rRbKx9jOv0optcfUjRSXFMD/9e"},"senderMessageKeys":[]},{"senderKeyId":1900207272,"senderChainKey":{"iteration":3,"seed":"ZYp2cc+zeRJjePPh1LXf6zfgBwD4HVe6I8DlrNm4T34="},"senderSigningKey":{"public":"BYEWfAv38mBpbDnMB+sbeS1SEz/5MmG6ifN3+ZfV1UUq"},"senderMessageKeys":[]},{"senderKeyId":606844393,"senderChainKey":{"iteration":2,"seed":"tQHfFQSGns5/xprTdlWcSMtENNfdA2UW5cNtL40+b3Q="},"senderSigningKey":{"public":"BaVRUNnr7nCzz1y9Ob+//0uyKnhwYjsEG0fq+rGpmiU8"},"senderMessageKeys":[]}]