[{"senderKeyId":1966611796,"senderChainKey":{"iteration":9,"seed":"j+HS7i/T5EMVgF20vlnk5U9Ei0sSShFazYhfwVldBpk="},"senderSigningKey":{"public":"BRDM2v99Q1bkYJssBbUNfdqfGPueNIu5TK+aqoFqONJR"},"senderMessageKeys":[]},{"senderKeyId":1966611796,"senderChainKey":{"iteration":7,"seed":"u7pTTJLyflJyEjPvaeUI2nrlHilub9ckYiipV96TKao="},"senderSigningKey":{"public":"BRDM2v99Q1bkYJssBbUNfdqfGPueNIu5TK+aqoFqONJR"},"senderMessageKeys":[]},{"senderKeyId":924757826,"senderChainKey":{"iteration":1,"seed":"pgns0LUJQHk8zNaff8vwUoa1SQ9H2FFf1D1AAuhQkRI="},"senderSigningKey":{"public":"Bdj4qKrN++Q5U7aKx6AAkiCSWn+oYdKstr7ZdRCqBdJz"},"senderMessageKeys":[]}]