[{"senderKeyId":1040324260,"senderChainKey":{"iteration":55,"seed":"FtrCH7fjMv0t1nuBoZvpBo4+ZG/Zm1WhvER22hjlYFM="},"senderSigningKey":{"public":"BSr+kCsUR8OrPBS9C7qjADk/vXiizt/P6HAVN1XDntoF"},"senderMessageKeys":[{}]},{"senderKeyId":1040324260,"senderChainKey":{"iteration":10,"seed":"8oDV/7VuUYTvzMEKE+2UgnrAQUHw6GH1DMN1epIPQ70="},"senderSigningKey":{"public":"BSr+kCsUR8OrPBS9C7qjADk/vXiizt/P6HAVN1XDntoF"},"senderMessageKeys":[]},{"senderKeyId":590466370,"senderChainKey":{"iteration":137,"seed":"7qWcIYyfX0xbcQAbVk8vzoEJLo5LqVze1DobMETOIvA="},"senderSigningKey":{"public":"BZuzgfHmXlaw4cxj1e5afvIJzLJgWdK7N++LNQRNTvUQ"},"senderMessageKeys":[]},{"senderKeyId":1734340124,"senderChainKey":{"iteration":127,"seed":"d9/gUXBlLErMFv8xA4WQRrz4uAtk48MkvI/i/nOeJA8="},"senderSigningKey":{"public":"Bex+X+3YFIoJz6UZqrDlog/KqUjNPgtTPGMea/0dAME7"},"senderMessageKeys":[]},{"senderKeyId":1734340124,"senderChainKey":{"iteration":105,"seed":"Hs+YygBuQgx2tFxPF2u9l1XuUDFGMGf3BczZ60+S7OY="},"senderSigningKey":{"public":"Bex+X+3YFIoJz6UZqrDlog/KqUjNPgtTPGMea/0dAME7"},"senderMessageKeys":[]}]