[{"senderKeyId":231042852,"senderChainKey":{"iteration":1,"seed":"f7pqtr+FX/TFAMhQqv+jC7mSlMOGyu2AhLYdtsjRuQk="},"senderSigningKey":{"public":"BZu7+rFMGOW41icsyLDLDRJYe0rSaDIwRakAKiaGI59/"},"senderMessageKeys":[]},{"senderKeyId":272599282,"senderChainKey":{"iteration":63,"seed":"zWDdF5ZFoxgHRaiKqU/SVhiZNGCK4TUQ8x6+AjuRLEU="},"senderSigningKey":{"public":"BdDbg04KcOOb187zG9Bu5xHzM+8qBsEEvTtu1s+kOsx4"},"senderMessageKeys":[]},{"senderKeyId":444681487,"senderChainKey":{"iteration":57,"seed":"5I6ScWehLiJnnsUKbjQqKtbx+aPvIzxthLM7x28UHyo="},"senderSigningKey":{"public":"BSqueTujkH5nRaDVISqX+ZdNq9soQNEfd/Qn4Q4zzd1h"},"senderMessageKeys":[]},{"senderKeyId":444681487,"senderChainKey":{"iteration":25,"seed":"/HOV1+mjytI4Dxo1KqrLGSeeQ49N81jXZGEakF4Uy/k="},"senderSigningKey":{"public":"BSqueTujkH5nRaDVISqX+ZdNq9soQNEfd/Qn4Q4zzd1h"},"senderMessageKeys":[]},{"senderKeyId":444681487,"senderChainKey":{"iteration":40,"seed":"C5eJ0XKTc9/ocV2g6Oz8B4VsjXtQiwanscAW90L+0Uw="},"senderSigningKey":{"public":"BSqueTujkH5nRaDVISqX+ZdNq9soQNEfd/Qn4Q4zzd1h"},"senderMessageKeys":[]}]