[{"senderKeyId":2088507104,"senderChainKey":{"iteration":2,"seed":"oI2KCYCSBAc87vplEpsjy2WyjbinBIRFcz2M8tq+2p8="},"senderSigningKey":{"public":"BSG5XS2DV0aJ6M6kCBKBCBTgr50C7a4f2EytZpQdLJQv"},"senderMessageKeys":[]},{"senderKeyId":1751655448,"senderChainKey":{"iteration":5,"seed":"kBJTqvk31fs1BjZNBl34obur+hmkBUuNlwweAqgetFI="},"senderSigningKey":{"public":"BcqSkqYZzcieLH4IAJi2k7aYPYrjQnyHzIKlrjKHO0Fc"},"senderMessageKeys":[]},{"senderKeyId":1379421659,"senderChainKey":{"iteration":6,"seed":"gG1dTT3XCFCjurFh7ab0xeAi+dyqwA2IHy5kaV7iGDw="},"senderSigningKey":{"public":"BVyhaoW87ADEwjmxabjPyW9Qn5Qxu2Ww1aK1QhaNnbkV"},"senderMessageKeys":[]}]