[{"senderKeyId":620990550,"senderChainKey":{"iteration":1,"seed":"Ba7ukqvn3xFSbViee/Wkce/aNBDS4NVBTdb4XkQAR5E="},"senderSigningKey":{"public":"Bad3lJbWi4RWoJu0+yZvz6eCYCRaElsRqg/cRZhZFj8q"},"senderMessageKeys":[]},{"senderKeyId":589789786,"senderChainKey":{"iteration":1,"seed":"evJikDD+b7H95v4CWsaARSUQBrIdNdVnZCoq3yf45mU="},"senderSigningKey":{"public":"BXmkwrhPdDr94EzNoQ4zT4jqBRwujYD3BlZGXh+FMtcf"},"senderMessageKeys":[]},{"senderKeyId":1016798853,"senderChainKey":{"iteration":1,"seed":"0XFEOVb2h+V0dkcFksRy/dxk4WdS8FNb1yIY9aVaKKI="},"senderSigningKey":{"public":"BcPgneSTewv/Ppf2lXA/KCjjEfNX6tVMG7G1O0HLRgh3"},"senderMessageKeys":[]},{"senderKeyId":26727111,"senderChainKey":{"iteration":2,"seed":"6+aqYVKO3JH6xDTQW70ed0eQIvgyQW0Fa0pk+dvPaWg="},"senderSigningKey":{"public":"Be0Rrb9sp4N5Fn9MW9vp/IMufbFIsHQWTPPayaOGFSxm"},"senderMessageKeys":[]},{"senderKeyId":1198548133,"senderChainKey":{"iteration":1,"seed":"IjmWhfMteQQAHwf1gumyUk9krEeTmw0wi9jkJxlLriM="},"senderSigningKey":{"public":"BQnFBYuv6lZfHabt1gJDKk7csr9VSC5SegZTAUyuLMJB"},"senderMessageKeys":[]}]