[{"senderKeyId":1281595583,"senderChainKey":{"iteration":1,"seed":"Kd5iAjcEqxFQcpR14YP/kjynFFiwuXOdPQPTSfD4xg8="},"senderSigningKey":{"public":"BSoDDk40taIxrhw1JwovQqt0ZEiCVbf3fPT4pYyn7dle"},"senderMessageKeys":[]},{"senderKeyId":80726487,"senderChainKey":{"iteration":8,"seed":"BgglPENImVkYNrBMJiDClYkoCApRDm9FFbSSa0nA9N4="},"senderSigningKey":{"public":"BTC7Ed/dsCcfgBvelz5X7ruQqpDG8sWzx4YHI7Jfo6Qh"},"senderMessageKeys":[]},{"senderKeyId":431836946,"senderChainKey":{"iteration":5,"seed":"ZHXQuipFBYpSpYQa/IUETBC9OsX4GGOMAM7nxS3FchQ="},"senderSigningKey":{"public":"BefyKBQi/kDY8sYHWmYbacMANwQL+ywpqUA1JKVqvzko"},"senderMessageKeys":[]},{"senderKeyId":1523813242,"senderChainKey":{"iteration":3,"seed":"RaV0glSG06UkhRXeYeHOx9ueSr6Q9pQrLX6hNiCShnM="},"senderSigningKey":{"public":"BSbbnkRUGSrUi2Sglx9MSe8UrYK2kTLchhzWj5IajLoY"},"senderMessageKeys":[]},{"senderKeyId":238651344,"senderChainKey":{"iteration":1,"seed":"AFS4xXmWxg5EIsnvCdFTf6I3ALX4AocS0/wzBjPJ4bY="},"senderSigningKey":{"public":"BdqsDZlSFYbc5oHJPoRH4t2pTRb9d49yq44ljMkmdhUx"},"senderMessageKeys":[]}]