[{"senderKeyId":821685108,"senderChainKey":{"iteration":2,"seed":"U7pgJjDPPKMg3OLecXwfttFKpgDmqxvC+nq2nYDk6OI="},"senderSigningKey":{"public":"BQdnDu5tmO2IJm2rcLB6DesqeeD9QyuCOC3rdGUssTkH"},"senderMessageKeys":[]},{"senderKeyId":821685108,"senderChainKey":{"iteration":1,"seed":"dV4ReD8sHSwQ7GbrptEnQ/qZ8W16ZXiJkzPQWfAp0Ts="},"senderSigningKey":{"public":"BQdnDu5tmO2IJm2rcLB6DesqeeD9QyuCOC3rdGUssTkH"},"senderMessageKeys":[]},{"senderKeyId":1107218767,"senderChainKey":{"iteration":4,"seed":"QfyX8fU9rKb/Wmg2xudO6cpPz7GApVKwDHvuiZvOnvs="},"senderSigningKey":{"public":"BTAF0VZncqfALGXubOVauvFiLXhbcpW+fHafGnWqN61n"},"senderMessageKeys":[]},{"senderKeyId":1107218767,"senderChainKey":{"iteration":3,"seed":"FeK6fGgTWk8UjLqPUYRcxwBFVbTAcklzuUCNCPIHGC0="},"senderSigningKey":{"public":"BTAF0VZncqfALGXubOVauvFiLXhbcpW+fHafGnWqN61n"},"senderMessageKeys":[]},{"senderKeyId":1859673449,"senderChainKey":{"iteration":1,"seed":"OQgX8unmUA14xwcTWDSes36qIuw225sPg9MB80JW6eU="},"senderSigningKey":{"public":"BQ1WuhKOTk0eEe9x4vfKMh731BFMyjab4DYlYnvknPso"},"senderMessageKeys":[]}]