[{"senderKeyId":1175770155,"senderChainKey":{"iteration":3,"seed":"EUGODzCVy1+UzuFztYUxHaPfKfuaEJykDeVXAO6N/4A="},"senderSigningKey":{"public":"BcpZ7UG/j+ZbJml6sfaSYif1RHVZqe6uepme+NBz6mlT"},"senderMessageKeys":[]},{"senderKeyId":1175770155,"senderChainKey":{"iteration":1,"seed":"JshcXzTgiBOxtpgaDHM2S83s2zNo2Y0RHJFrYU3b/qU="},"senderSigningKey":{"public":"BcpZ7UG/j+ZbJml6sfaSYif1RHVZqe6uepme+NBz6mlT"},"senderMessageKeys":[]},{"senderKeyId":1175770155,"senderChainKey":{"iteration":2,"seed":"VdaQiZxMob43Y3alxdToLqYkMmTx+lWb8Ea3nIRtiFQ="},"senderSigningKey":{"public":"BcpZ7UG/j+ZbJml6sfaSYif1RHVZqe6uepme+NBz6mlT"},"senderMessageKeys":[]},{"senderKeyId":1651925142,"senderChainKey":{"iteration":3,"seed":"AyBw4n4MwZhOMsnFDAJ2gjy1XA0rd0MJfGrbwzwF8OU="},"senderSigningKey":{"public":"BfEyT6v2mivWX87qIggzcKWQ21x0fEOESQXwrGLqdsQt"},"senderMessageKeys":[]},{"senderKeyId":1309071136,"senderChainKey":{"iteration":1,"seed":"8nnA7EYgoPxP0tblAGVVrR5lNaP/yQsg0YB87bOY4I0="},"senderSigningKey":{"public":"BdmUWZeolBU5bNvPJVV9oRDx4UfUzTOTkPpuS3mF+3NU"},"senderMessageKeys":[]}]