[{"senderKeyId":1736260048,"senderChainKey":{"iteration":8,"seed":"9uYPYJHlp3VjCxIXp8tYLp7sj1DsUgwvWB0Crcq5A9Q="},"senderSigningKey":{"public":"BVCKevdN9mjPY26xDYcUAK/jGgCYjS8LRNGlVMZulJFO"},"senderMessageKeys":[]},{"senderKeyId":283299611,"senderChainKey":{"iteration":14,"seed":"Yv4JYNxW2n+4BRQ8Z01wWSotU6BiRPXTK2ke8vVV67U="},"senderSigningKey":{"public":"BbFlsS/u98txQtItFoK4PHXQMEhHGmJcj4ibwheofBcB"},"senderMessageKeys":[]},{"senderKeyId":387466846,"senderChainKey":{"iteration":33,"seed":"7bh8W1rM7oo9dHNR1GFu26WCmM1TQfLPrV6/RI3/oMg="},"senderSigningKey":{"public":"Bd+UOLx8zfImSPSWM+OCMKQfRMS7raEMXs8+ztkSpXVc"},"senderMessageKeys":[]},{"senderKeyId":1677627757,"senderChainKey":{"iteration":5,"seed":"XukxQtJpdGl2QKDXwcjhM8KTRZA0h2ehonJH1e1NdOU="},"senderSigningKey":{"public":"BeDIXIPA96eeKv53twLAABaEPMU+YWyjUOl+Mn02Lv06"},"senderMessageKeys":[]},{"senderKeyId":69119610,"senderChainKey":{"iteration":13,"seed":"vwA4xhqKZc7zKMTbTmbaTwjcM2xG7zpq7fM+An+iHOE="},"senderSigningKey":{"public":"BdEqccOQHscwZGW8yNgeEL9dqncRYcwIbRvCYy4IN1wE"},"senderMessageKeys":[]}]