[{"senderKeyId":550787387,"senderChainKey":{"iteration":2,"seed":"+8C3ZMQwZnzmUssvp5YXej/cU3FKvJauxsY7I9auoG0="},"senderSigningKey":{"public":"BVanCywwXEspPdXRR48c+JZ/Qb6d6YMAyt/tWqhDkmk4"},"senderMessageKeys":[]},{"senderKeyId":924985117,"senderChainKey":{"iteration":3,"seed":"P+Bj7ty5heAV8rC6omkUTj0UqWYXvqqRto0r+lrhe9A="},"senderSigningKey":{"public":"BaSToLWd6IwhIQS2qeKna+RZhxEAry7hYT51DoZOeA5/"},"senderMessageKeys":[]},{"senderKeyId":687530172,"senderChainKey":{"iteration":3,"seed":"hw09bMTdLhC44RIY4NlORlMKz8n2RVDn6XjMsx4NusQ="},"senderSigningKey":{"public":"BbrlJ1i+fGvH2xiyOMCdS4qXQbXhbbU4r+HoZkc1YP5M"},"senderMessageKeys":[]},{"senderKeyId":278854517,"senderChainKey":{"iteration":1,"seed":"oIohrU+6A0XiGqSz2azG3DEiMpTLEqGvDskdjJxvkfY="},"senderSigningKey":{"public":"BT45paSjN48q4f6MBwW/zERH6zvxhOrOrz24XHXfbAdz"},"senderMessageKeys":[]}]