[{"senderKeyId":524762959,"senderChainKey":{"iteration":3,"seed":"wvwEEexSoZySuFkQ59w2nAmiVPX4q63BlpdsetJ0oZI="},"senderSigningKey":{"public":"BRw2+xunlvqmpC3+vmWjSfeCdQrytX4v8XV6OBVNIJ0z"},"senderMessageKeys":[]},{"senderKeyId":524762959,"senderChainKey":{"iteration":2,"seed":"1FuDXAuDbcVPLOIvdqcdOEz1SEy8Ssd31pUpbhoPnYA="},"senderSigningKey":{"public":"BRw2+xunlvqmpC3+vmWjSfeCdQrytX4v8XV6OBVNIJ0z"},"senderMessageKeys":[]},{"senderKeyId":1167547075,"senderChainKey":{"iteration":1,"seed":"BKVz/KpYB7lqU+uPgcvPbIWiIGsQditdxIYFS9R80Kg="},"senderSigningKey":{"public":"BZJ3PGST8HnfS8qbw9yBNUxQuHI3j2t/QGlWR41hradx"},"senderMessageKeys":[]}]