[{"senderKeyId":1487860195,"senderChainKey":{"iteration":80,"seed":"iBO5dnaxLJICTG+ZtL/j1EsOVCO/kdyEZiOWDkGOYSg="},"senderSigningKey":{"public":"BThrzKQfBgGNQoQIuIZ4KzaygJYrBRxgrLpOAqh3tV1r"},"senderMessageKeys":[{}]},{"senderKeyId":1487860195,"senderChainKey":{"iteration":26,"seed":"7E/36fA5nUkTtsXjhxGM7GqdIE8lzkt/4uPy3/mdbj8="},"senderSigningKey":{"public":"BThrzKQfBgGNQoQIuIZ4KzaygJYrBRxgrLpOAqh3tV1r"},"senderMessageKeys":[]},{"senderKeyId":849201625,"senderChainKey":{"iteration":148,"seed":"5m/mFRvdgSEzWK2lq92kz1ch6p/+fnphe+fdC+LNZcs="},"senderSigningKey":{"public":"BeygEyOtkVbeYyDGccZ1aqI4+p0GiKviKvNwjRxAohdp"},"senderMessageKeys":[{}]},{"senderKeyId":849201625,"senderChainKey":{"iteration":64,"seed":"2xB56zTiRxWIyYLWNVMhKPB3kISadsPjrk47R3SpljU="},"senderSigningKey":{"public":"BeygEyOtkVbeYyDGccZ1aqI4+p0GiKviKvNwjRxAohdp"},"senderMessageKeys":[]},{"senderKeyId":849201625,"senderChainKey":{"iteration":111,"seed":"uUQDdmBBI4HK1x0++xg7ejKOugUEnw4y7yjSv7l3BcI="},"senderSigningKey":{"public":"BeygEyOtkVbeYyDGccZ1aqI4+p0GiKviKvNwjRxAohdp"},"senderMessageKeys":[]}]