[{"senderKeyId":877661754,"senderChainKey":{"iteration":10,"seed":"rkXR7M7XITPk1N/5UvvCgowogsc98WC6x+MgMFgQ7S4="},"senderSigningKey":{"public":"BaWnnAOWCmtqy4f/ft50wdGiyF7yE1hWT8T2K/BmsS5N"},"senderMessageKeys":[]},{"senderKeyId":877661754,"senderChainKey":{"iteration":5,"seed":"CfsqgrSpBZNf5LTjqVWxez+uFD97D2DYm41L3u3sLfU="},"senderSigningKey":{"public":"BaWnnAOWCmtqy4f/ft50wdGiyF7yE1hWT8T2K/BmsS5N"},"senderMessageKeys":[]},{"senderKeyId":1989718318,"senderChainKey":{"iteration":13,"seed":"XNxp5u66UXfn1dwEsHaD1oNhI3+tJDFiqiHut1PHVKQ="},"senderSigningKey":{"public":"BU+DiTmAI7pbFs0A3FIL+9sXeXD5z8fBzMYnjjGva5R3"},"senderMessageKeys":[]},{"senderKeyId":1089440976,"senderChainKey":{"iteration":1,"seed":"v3Kt7+hx/v5wkeHFFvseoVEoxsxE6CnUqUwO+JBFGQE="},"senderSigningKey":{"public":"BTpDncxGMCDPfk3AhkqRzquZ7nXI6lx5/cxk2eUSR4gX"},"senderMessageKeys":[]},{"senderKeyId":1927430834,"senderChainKey":{"iteration":2,"seed":"K3yvxMQ0Niweg2U5UaIJHDgdn/CFuJI1oECkPmV4yec="},"senderSigningKey":{"public":"BbjLHwlssJd5XMkXiNg6qGMmsgITIZfukk+sN/EsjJE5"},"senderMessageKeys":[]}]