[{"senderKeyId":1530749233,"senderChainKey":{"iteration":21,"seed":"BYz8GTglZdnGx8NovuvoqEsavjlmBtnKP27Bx2vTmMk="},"senderSigningKey":{"public":"BQnfh6JkNeG3W2fSDh6UuKXvJey5pXr3/dy8kpmt5MB3"},"senderMessageKeys":[{},{},{},{},{},{},{},{},{},{},{},{},{},{},{},{}]},{"senderKeyId":1530749233,"senderChainKey":{"iteration":19,"seed":"MzFY8zbmeMCKQFwaxZu/l/2EBV0ElA3whlplsS8tdlU="},"senderSigningKey":{"public":"BQnfh6JkNeG3W2fSDh6UuKXvJey5pXr3/dy8kpmt5MB3"},"senderMessageKeys":[]},{"senderKeyId":817181022,"senderChainKey":{"iteration":2,"seed":"F0J6wHZ2PqXj2Wik5/afMVRtJor7uYIY9Vf2hnhyuYk="},"senderSigningKey":{"public":"BfW0bPYbJacMVIAr2fnjHg2b8VNedSKTTcHNF8DmO3hI"},"senderMessageKeys":[]},{"senderKeyId":817181022,"senderChainKey":{"iteration":1,"seed":"qKQ4OTpMJGuRzSV+BqrqHdb/u912iEYbUUuCNpitQIk="},"senderSigningKey":{"public":"BfW0bPYbJacMVIAr2fnjHg2b8VNedSKTTcHNF8DmO3hI"},"senderMessageKeys":[]},{"senderKeyId":1980449906,"senderChainKey":{"iteration":6,"seed":"qKDfDufkNKpAEfyXIBE5ZJCXsinbkZ8u7paf+p/Io2Y="},"senderSigningKey":{"public":"BepeLLhewxmZbm2iBYMhgXAxY+B55BxHsvkrYteoWkVX"},"senderMessageKeys":[]}]