[{"senderKeyId":1173040098,"senderChainKey":{"iteration":6,"seed":"MNflSn58vE7HUjwXkYeglzmQPvQYtBPwoUyy55vIbto="},"senderSigningKey":{"public":"Be64ozwliwGJFYUcPPuEK6BR7eyH3TPoYy/CIfyFhxJZ"},"senderMessageKeys":[]},{"senderKeyId":1173040098,"senderChainKey":{"iteration":5,"seed":"ukfnntuPnSE7OaKftbRV2OxLQV8fiyBX36J7eYn4RIg="},"senderSigningKey":{"public":"Be64ozwliwGJFYUcPPuEK6BR7eyH3TPoYy/CIfyFhxJZ"},"senderMessageKeys":[]},{"senderKeyId":1173040098,"senderChainKey":{"iteration":5,"seed":"ukfnntuPnSE7OaKftbRV2OxLQV8fiyBX36J7eYn4RIg="},"senderSigningKey":{"public":"Be64ozwliwGJFYUcPPuEK6BR7eyH3TPoYy/CIfyFhxJZ"},"senderMessageKeys":[]},{"senderKeyId":1173040098,"senderChainKey":{"iteration":5,"seed":"ukfnntuPnSE7OaKftbRV2OxLQV8fiyBX36J7eYn4RIg="},"senderSigningKey":{"public":"Be64ozwliwGJFYUcPPuEK6BR7eyH3TPoYy/CIfyFhxJZ"},"senderMessageKeys":[]},{"senderKeyId":1173040098,"senderChainKey":{"iteration":5,"seed":"ukfnntuPnSE7OaKftbRV2OxLQV8fiyBX36J7eYn4RIg="},"senderSigningKey":{"public":"Be64ozwliwGJFYUcPPuEK6BR7eyH3TPoYy/CIfyFhxJZ"},"senderMessageKeys":[]}]