[{"senderKeyId":1843093321,"senderChainKey":{"iteration":4,"seed":"gG/C9t11XKEMQXYJLiDEf+LQWxSyhFe10uBXreUV7ec="},"senderSigningKey":{"public":"Bd/7KznMbdf826t+iRn6yYP+5AfOC8psYVOzWkNMQPAA"},"senderMessageKeys":[]},{"senderKeyId":2045016166,"senderChainKey":{"iteration":6,"seed":"VoVeJSrsw2///CNJU1Yh1oYWIgwArMQbfg8zKt9ljvM="},"senderSigningKey":{"public":"BQ4EUSz5aiWY6RwoPe77R6JJyy/r5j8Brpjn2RJfedRm"},"senderMessageKeys":[]},{"senderKeyId":2112113730,"senderChainKey":{"iteration":13,"seed":"ZD1zZDg4e0MHdvuHBgx+OQWXza2nOlLhr2x/9eSzn6o="},"senderSigningKey":{"public":"BYnZnmZ+EnPLgU1f1iJu7zS4jcHS6Y/5CwM1epqxa3wq"},"senderMessageKeys":[]},{"senderKeyId":2112113730,"senderChainKey":{"iteration":12,"seed":"l4LjdfgtwP2PALLrqVqFLOjjQ8TXsSyqSuFHcEVYKuQ="},"senderSigningKey":{"public":"BYnZnmZ+EnPLgU1f1iJu7zS4jcHS6Y/5CwM1epqxa3wq"},"senderMessageKeys":[]},{"senderKeyId":887710725,"senderChainKey":{"iteration":1,"seed":"HxiHixjrMToqbtL7/JhY8Xx3QwyL2ZJOyEQpp2cnJFU="},"senderSigningKey":{"public":"BZSPh8rvT4ZoY9LhExrTBLyFtp5cuRqecnYgYp50fEIc"},"senderMessageKeys":[]}]