[{"senderKeyId":1873280562,"senderChainKey":{"iteration":1,"seed":"rWAZCekRR6MEBWhBnBs6A7JOlc2cL4MlhK9/bDOiSog="},"senderSigningKey":{"public":"BcBhDVXaZNT90dxad80bapnMdGfoSi/Vw20ytj6wOhJ9"},"senderMessageKeys":[]},{"senderKeyId":1583704737,"senderChainKey":{"iteration":1,"seed":"91kAD2IFw9M8ZIlS8Qa/8MuFqqXQjB52yGfjuPD5fpE="},"senderSigningKey":{"public":"BU5ZS990vC9kQbLyMkmzDADOQsGhDGLhffucdm1cZvEK"},"senderMessageKeys":[]},{"senderKeyId":1901037499,"senderChainKey":{"iteration":1,"seed":"ymW8UhX0PNS6MVfWDLQTGw/SNXoKrEx/Syv7uW4jkVU="},"senderSigningKey":{"public":"Bfyef9kNTX1x/C87JtTMx48jHWO09SZ608C8tT5OgyIA"},"senderMessageKeys":[]},{"senderKeyId":700153483,"senderChainKey":{"iteration":2,"seed":"RfHds097XaBqLJpyRZ5WUhL6arTmtd37avrWrgKHje8="},"senderSigningKey":{"public":"BU7S9KFT/IIBun5Q/svwNBnn65Oa6DDy9CjMbF5Y6pgd"},"senderMessageKeys":[]},{"senderKeyId":1274305675,"senderChainKey":{"iteration":1,"seed":"izbsr/0vQfA1HNEgqqCyym0CZjceKrjyWxoTAQua+p0="},"senderSigningKey":{"public":"BUEbFOpLmLcvbMbAu+SkTAyA4B6uqYL6gm+JnHlaf/Ju"},"senderMessageKeys":[]}]