[{"senderKeyId":223821971,"senderChainKey":{"iteration":6,"seed":"9bRTnMdl69TodobuEQBZ5O/NiAudmzmd3w4ubVV/56Y="},"senderSigningKey":{"public":"BQJBWVBUDMGvRHLvRcRC+yded68dpjC8l2KsZLSK3E1n"},"senderMessageKeys":[]},{"senderKeyId":241488869,"senderChainKey":{"iteration":11,"seed":"hnB46uRPpUTjJcEA3IRX6BGlWNhCmwnPP/bV9yKzaQY="},"senderSigningKey":{"public":"BVq9CBmuMVIsXJzJ5Jl+0muxliY+VgUN7AwklvpOrh4G"},"senderMessageKeys":[]},{"senderKeyId":1446553687,"senderChainKey":{"iteration":39,"seed":"wWK3cxzvU2DaAkV7paheTlCoIKgG10Nk6SDm176ih6k="},"senderSigningKey":{"public":"BSRldvOL3TRFj9vTDlVvQe9haOJk0drgMqZbcEOs0T1T"},"senderMessageKeys":[{}]},{"senderKeyId":1065239545,"senderChainKey":{"iteration":25,"seed":"DJoObSKSeGrTTEkpN6hfAsK7w5Xee+fpT8BfMTm+cno="},"senderSigningKey":{"public":"BenXDSQDeKvIjLINod470d3RIU4FMqz0Fa1YJJfqkS51"},"senderMessageKeys":[]},{"senderKeyId":583345458,"senderChainKey":{"iteration":57,"seed":"IHlYkzOZwU0puMSVaAGCHxS70/OAQFtLfcXuFc9eAEs="},"senderSigningKey":{"public":"BX7J0AqHblzRMQRt7uKm9huwHOP1vVtLtbR2q7zDIe8P"},"senderMessageKeys":[]}]