[{"senderKeyId":849637053,"senderChainKey":{"iteration":7,"seed":"XE1+KPfG8OnVjOoz97He+zC+DuJK8NoG8k36lX8wfmQ="},"senderSigningKey":{"public":"BVN1ULEyLViO1gTKPMea+bpAqJrsln9Dj2KmnX0UQigC"},"senderMessageKeys":[]},{"senderKeyId":849637053,"senderChainKey":{"iteration":3,"seed":"eefax3I4ERByzYzjxAZSVNi1AWdXuVMBla613Nn/7UA="},"senderSigningKey":{"public":"BVN1ULEyLViO1gTKPMea+bpAqJrsln9Dj2KmnX0UQigC"},"senderMessageKeys":[]},{"senderKeyId":1248810558,"senderChainKey":{"iteration":10,"seed":"bhAbUFtk3KKy6Zox03100U4InfSJV7d7OMlwzaIS/8k="},"senderSigningKey":{"public":"BdsQuUUSKj7IHI6ieFuVS5RfwT+J9CYl+h1s8D9nsOlU"},"senderMessageKeys":[]},{"senderKeyId":1248810558,"senderChainKey":{"iteration":5,"seed":"CD9StrBMUZzahcvQGjY7ZaCcIfVHYXMv3odVADsvm/g="},"senderSigningKey":{"public":"BdsQuUUSKj7IHI6ieFuVS5RfwT+J9CYl+h1s8D9nsOlU"},"senderMessageKeys":[]},{"senderKeyId":1356287876,"senderChainKey":{"iteration":5,"seed":"qsll5P0+ESK/A4kW9j15Hqphk2wfJbzbD6SdHEusgjQ="},"senderSigningKey":{"public":"BdYAm86MC//FAyTNGPJJ96wqeMKD1CngQmUFe5sy+thH"},"senderMessageKeys":[]}]