[{"senderKeyId":1055149477,"senderChainKey":{"iteration":2,"seed":"ppMih7M20b9FX/mtmKlM4NR7qfx8Unp5stdV1nw8LKk="},"senderSigningKey":{"public":"BTuo+DVaDdFOhTj8/ysa4f8xYA4he/iW3a1ENyTrp7w3"},"senderMessageKeys":[]},{"senderKeyId":1055149477,"senderChainKey":{"iteration":1,"seed":"YhWtTEAgLHoPwec9B7sZipbIRgAU61lF8Kw+BjCtYkQ="},"senderSigningKey":{"public":"BTuo+DVaDdFOhTj8/ysa4f8xYA4he/iW3a1ENyTrp7w3"},"senderMessageKeys":[]},{"senderKeyId":772139465,"senderChainKey":{"iteration":2,"seed":"lAP6+Z6kNQt7gZ9NbMROWnqNupU1BbtJm8bcWVj0iek="},"senderSigningKey":{"public":"BZeoaLJNpI3n15TquwR0icUDElsNyzvjvjvELeGP7kl9"},"senderMessageKeys":[]},{"senderKeyId":571696285,"senderChainKey":{"iteration":6,"seed":"E/kyoMEkkEtmF0MaT8+GpCfVOb+h8vJ0vABtajsvVzw="},"senderSigningKey":{"public":"BQVEzWPJr9J702Trg+QiOAikWvJXRPI3e+0rowSNBpBt"},"senderMessageKeys":[]},{"senderKeyId":1772701532,"senderChainKey":{"iteration":3,"seed":"TB/aodrSA7NNY+roa6gEntqNbtLGzmBB6RW59ScfA9I="},"senderSigningKey":{"public":"BXUD1aBVVFJ5pxaikpVmv0+sEhdcnIQXDUUxWIxyJ3BN"},"senderMessageKeys":[]}]