[{"senderKeyId":1413816477,"senderChainKey":{"iteration":5,"seed":"FOph0WZaQauHWDIX99WnsPGt9V4agJVbBGkB2Btsdl4="},"senderSigningKey":{"public":"BU7YPKN8UElybsvZuLFn5IhWrO+oDFZX1aDr1ZwmFyom"},"senderMessageKeys":[]},{"senderKeyId":733355320,"senderChainKey":{"iteration":87,"seed":"j5rTIAyRQeobhLFSPQ+najEDf3EyB/oMRrysXw7mk+A="},"senderSigningKey":{"public":"BeHHYiscgV12r46Gvk328Jer79hmUb5qJOXEbBAEr+R4"},"senderMessageKeys":[]},{"senderKeyId":2110646240,"senderChainKey":{"iteration":80,"seed":"kiWO4JrUtmqXwS19Wjszl8feZpbxPFWf+l7nowD/FWs="},"senderSigningKey":{"public":"BZTBvpnK5FBm5ZuDVfAfSrWPu5R7m9sAXlBVce4PC18p"},"senderMessageKeys":[]},{"senderKeyId":2110646240,"senderChainKey":{"iteration":59,"seed":"EacjdfwDTsHwejVf9BXwSzCyWDcoBQZmdbcSjcLSECc="},"senderSigningKey":{"public":"BZTBvpnK5FBm5ZuDVfAfSrWPu5R7m9sAXlBVce4PC18p"},"senderMessageKeys":[]},{"senderKeyId":2110646240,"senderChainKey":{"iteration":73,"seed":"N2rl4NIzQ/rFnLFRfvRIfsGRodwsS5Su02DUf0buBQg="},"senderSigningKey":{"public":"BZTBvpnK5FBm5ZuDVfAfSrWPu5R7m9sAXlBVce4PC18p"},"senderMessageKeys":[]}]