[{"senderKeyId":214284381,"senderChainKey":{"iteration":2,"seed":"LI0dVj1pWGcqGfdvTyyeT641CV0LhX57f7YyLFf/Jro="},"senderSigningKey":{"public":"BYSwjBRBDSi1nvL4C0Nt0RrY1bWYTBpX7OMFmmsP9L9X"},"senderMessageKeys":[]},{"senderKeyId":1160812771,"senderChainKey":{"iteration":7,"seed":"rsXb7U2aDWgCzO4Swq8OvINT/P+Na7I3c104ebGt8s4="},"senderSigningKey":{"public":"BQb5i8MI/8H/MZmjp2Pasix+3kAVnNnBKgiFP9ZuC4c7"},"senderMessageKeys":[]},{"senderKeyId":1160812771,"senderChainKey":{"iteration":2,"seed":"jwh97897KjbgXDCxf/UzZsLUTtAtzRbqO+UWmN662uQ="},"senderSigningKey":{"public":"BQb5i8MI/8H/MZmjp2Pasix+3kAVnNnBKgiFP9ZuC4c7"},"senderMessageKeys":[]},{"senderKeyId":1160812771,"senderChainKey":{"iteration":4,"seed":"LDNEvgajw77w466GmwrVkOSaD4KX7TBzbNjgJ+Iqwrk="},"senderSigningKey":{"public":"BQb5i8MI/8H/MZmjp2Pasix+3kAVnNnBKgiFP9ZuC4c7"},"senderMessageKeys":[]},{"senderKeyId":1531045521,"senderChainKey":{"iteration":1,"seed":"jAiWGon4wWvXBr70Nr1bP+9gt2nEYJnMydbWKde1uCs="},"senderSigningKey":{"public":"BUq2xs/P5sxNXF9mFPfCwLPiZHpkvWvmxH3w3ClNou8x"},"senderMessageKeys":[]}]