[{"senderKeyId":2022235333,"senderChainKey":{"iteration":5,"seed":"0kHxv/dUu9s3kpY4sPn+m+3zdTtCxNcG+oCsmnFLQi8="},"senderSigningKey":{"public":"BUFdR2kYONtPd8Zk8tF8iOTxMrSVGxdJWgW8PDUF7MM6"},"senderMessageKeys":[]},{"senderKeyId":2007451244,"senderChainKey":{"iteration":83,"seed":"FNblDC6rZIVyhxKS4KtlzUrbVn7X6LZiPqQU4zF5tOE="},"senderSigningKey":{"public":"BUAv4zzbbPrL5K8kHysoDEoiLvQ2jPXzubTM8X/eABkd"},"senderMessageKeys":[]},{"senderKeyId":459903925,"senderChainKey":{"iteration":1,"seed":"2AHpU5vVmyF3tZINYc3a6GbWkaPghoIHj4I9ZBk+oow="},"senderSigningKey":{"public":"BdDXeM7oY/hQIwUVzTq9PC/XMWAuiWkQTnRtYLDbowN/"},"senderMessageKeys":[]},{"senderKeyId":1780454483,"senderChainKey":{"iteration":44,"seed":"fWM7v7v0NS936upLJjObeEtxY3+Q0+TcVnLE5Unrb8g="},"senderSigningKey":{"public":"BZ0FWT0P0SQSWtGg+aZRcUOUzaH15nic4IwmX484AyEl"},"senderMessageKeys":[]},{"senderKeyId":584064272,"senderChainKey":{"iteration":48,"seed":"y8hA4/Ejzb5SlKQvBNscDr6kq5IIejsRORb2nvQ0Nvc="},"senderSigningKey":{"public":"BUHLLf1QPis790uAoaBAw6OTqIZKw0HBsnY8r4k/NqRn"},"senderMessageKeys":[{}]}]