[{"senderKeyId":1329068263,"senderChainKey":{"iteration":1,"seed":"V286Umem3MjAIYJTKk448YvsYNedWYUmuotX9P+8Fko="},"senderSigningKey":{"public":"BSReBYXW3mFKKXJKMw/DMypodgsjZ+NqZiszVJS4dcF5"},"senderMessageKeys":[]},{"senderKeyId":2056218315,"senderChainKey":{"iteration":1,"seed":"ccqFCxMmEhM54VKhDKasLh3EAuqx+0r3wmNOBr8TQZo="},"senderSigningKey":{"public":"BUsSSgQrwNS1cf+f65NQkh4G2kflE/3Z7nN4iBzGLyR3"},"senderMessageKeys":[]},{"senderKeyId":1961324035,"senderChainKey":{"iteration":1,"seed":"LREbVnLasl34OUzUPyIDsEhSEkk13851MYfR8UdsTx4="},"senderSigningKey":{"public":"BX6ep6XgZiM9ZSRhZhw/L2wwpQ8QcWIJeE2VQZ0Z/9wJ"},"senderMessageKeys":[]},{"senderKeyId":28294230,"senderChainKey":{"iteration":1,"seed":"2wpYM9EDZqkIuEG3e4ABy4D2WRiLUttyJn/pZzm/IeY="},"senderSigningKey":{"public":"BQNcRZ20GT+VEf3+sPQbPyEneONZe9EJaLjWDvZAnOJV"},"senderMessageKeys":[]},{"senderKeyId":315203319,"senderChainKey":{"iteration":1,"seed":"WVXqYKbyV+8qX0J41brK0G6h0URDJVj5AdV7/ij/q94="},"senderSigningKey":{"public":"BY+mRK1SaqWlvCgg/oK7wMZIp0nn/hX2lMys+axDbMdz"},"senderMessageKeys":[]}]