[{"senderKeyId":708167454,"senderChainKey":{"iteration":1,"seed":"BkVHuYv5VuoNAHNAVuy4ANuGswxVc3LiTg/EOCURIlc="},"senderSigningKey":{"public":"Bd0TAyi+uYyrOoHEKIkRHUvRZRIvjf8yxRDVDGyxls4B"},"senderMessageKeys":[]},{"senderKeyId":1886620586,"senderChainKey":{"iteration":1,"seed":"/14Aix8sUvN2f+z+gzPYY6ClB/G+k2ZiHkfUMNiR+jE="},"senderSigningKey":{"public":"BSSlV2O7senIEiU49FsvO4oo32w/GzgwaxPIWlVFek8Z"},"senderMessageKeys":[]},{"senderKeyId":443013890,"senderChainKey":{"iteration":2,"seed":"NYO+/0ce5OmYb4eU9rLtYKnZ+hE+pyXULbeJmEqVE2Y="},"senderSigningKey":{"public":"BYhNC3WGDcdQU+y4A7yAIG6MZg7SQVdR8aIhnlkJVyU+"},"senderMessageKeys":[]},{"senderKeyId":553987017,"senderChainKey":{"iteration":1,"seed":"kU0LSTDQsrV3Eyc9k21+ynu8Usl6z2d+JwZtxdn/ves="},"senderSigningKey":{"public":"BVy8EryUqnAIA4Cmas1BbcGbWkNhm8Pkyc86Ufow400y"},"senderMessageKeys":[]},{"senderKeyId":1254608731,"senderChainKey":{"iteration":1,"seed":"zhAXs8T9o7B13lh7e7aG9UHWGo6B9dxgztc7hFU9a7Y="},"senderSigningKey":{"public":"BRuhMiqnuuHdX29O1YIXeGK1JgT9pEqeoGbM/4Ij3ZRd"},"senderMessageKeys":[]}]