[{"senderKeyId":773593175,"senderChainKey":{"iteration":1,"seed":"d0I0hUuN2mhGLo5oqQTOv+Z5RtGNP2yTJHihTTcyuYo="},"senderSigningKey":{"public":"BXxR3MURMyfH6maD3QwqGPYoZ0n+34Gri0hKZbtKk88C"},"senderMessageKeys":[]},{"senderKeyId":437026226,"senderChainKey":{"iteration":2,"seed":"AfKLiizyCur3dmGzRlU2q8w5jLfXeR1QIJL/QcM9O2o="},"senderSigningKey":{"public":"Be+dLV/Qbv09S4Tt2O31HD0I/R/wcDdIwo0hkqI+lkAD"},"senderMessageKeys":[]},{"senderKeyId":437026226,"senderChainKey":{"iteration":2,"seed":"AfKLiizyCur3dmGzRlU2q8w5jLfXeR1QIJL/QcM9O2o="},"senderSigningKey":{"public":"Be+dLV/Qbv09S4Tt2O31HD0I/R/wcDdIwo0hkqI+lkAD"}}]